Peptide,init_sasa,end_sasa,AP,logP,norm_logP,norm_AP,Score
PHE-PHE-PHE,1777.142,656.457,2.7,-5.13,0.0663176265270506,1.0,0.0663176265270506
ALA-HIS-TYR,1496.486,787.449,1.9,-0.09999999999999998,0.35892961023851083,0.53757225433526,0.10372488886875199
LYS-MET-GLN,1418.396,1222.32,1.16,2.9,0.5334496800465387,0.10982658959537568,0.006434405910548309
MET-TRP-GLY,1384.874,685.878,2.01,-1.61,0.2710878417684701,0.6011560693641617,0.09796806096320526
TRP-TYR-PHE,1875.602,817.205,2.29,-4.51,0.10238510762070972,0.7630057803468208,0.0596063388413661
TYR-SER-TYR,1524.182,791.301,1.92,-0.96,0.3089005235602094,0.5491329479768785,0.09314802449566938
PHE-GLN-GLU,1491.8,1035.8039999999999,1.44,2.69,0.5212332751599767,0.27167630057803466,0.038471191981970285
HIS-GLY-MET,1240.563,724.284,1.71,0.59,0.3990692262943572,0.4277456647398844,0.07301624121046141
HIS-TYR-PRO,1582.932,826.1510000000003,1.91,-0.46,0.33798720186154746,0.5433526011560693,0.09978465420323544
ASP-TYR-GLU,1540.7910000000006,1220.969,1.26,6.5600000000000005,0.7463641652123328,0.1676300578034682,0.020972710847123918
ILE-LYS-ILE,1365.638,864.5260000000003,1.57,0.5599999999999996,0.3973240255962769,0.3468208092485549,0.04779199078307316
ASP-GLY-TRP,1343.764,833.9889999999997,1.61,2.7,0.5218150087260035,0.3699421965317921,0.07141415602732168
ARG-ILE-TRP,1619.441,954.806,1.69,-1.4,0.28330424665503195,0.41618497109826585,0.04907110877943418
ASN-ASN-TRP,1507.694,947.94,1.59,-0.3899999999999999,0.3420593368237348,0.35838150289017345,0.04393317821345307
CYS-GLY-GLU,1083.129,946.487,1.14,4.76,0.6416521233275161,0.09826589595375718,0.006195912447514182
ASP-PRO-ASP,1267.638,1223.904,1.03,7.42,0.7963932518906341,0.034682080924855516,0.0009579390246270463
MET-TYR-TRP,1729.3139999999999,814.035,2.12,-3.47,0.16288539848749273,0.6647398843930635,0.07197565555137461
TYR-GLY-VAL,1184.06,613.908,1.92,-0.020000000000000073,0.3635834787667248,0.5491329479768785,0.10963750529151292
VAL-GLY-THR,1005.679,558.309,1.8,0.94,0.41942990110529377,0.4797687861271676,0.09654357274597776
ASN-GLY-GLN,1071.106,1061.039,1.0,2.77,0.5258871436881908,0.017341040462427758,0.00015814040874047658
SER-HIS-TRP,1711.256,824.816,2.07,-1.5199999999999998,0.2763234438627109,0.6358381502890171,0.11171484749703632
MET-MET-TRP,1549.953,758.205,2.04,-3.43,0.16521233275159974,0.6184971098265896,0.06320010684196149
CYS-LEU-ARG,1407.9189999999999,947.77,1.48,0.54,0.3961605584642233,0.29479768786127164,0.03442860144226152
HIS-LEU-GLY,1264.013,756.79,1.67,0.010000000000000007,0.3653286794648051,0.4046242774566473,0.05981190582303266
CYS-ASP-HIS,1442.6,937.163,1.53,3.73,0.5817335660267599,0.3236994219653179,0.060954808482071535
PHE-LEU-ARG,1548.41,946.853,1.63,-1.15,0.297847585805701,0.3815028901734103,0.0433500646119026
PRO-LEU-ARG,1425.404,966.432,1.47,0.7000000000000002,0.4054682955206516,0.2890173410404624,0.03386918169005408
ASP-LEU-ASN,1252.946,1195.868,1.04,3.24,0.5532286212914486,0.04046242774566477,0.0009057503572882828
ARG-LEU-ALA,1240.156,922.1139999999999,1.34,1.06,0.4264107038976149,0.21387283236994226,0.019504702918100667
PHE-LEU-ALA,1243.163,617.653,2.01,-2.46,0.22164048865619546,0.6011560693641617,0.08009835027249185
CYS-GLN-GLY,1091.046,812.387,1.34,1.9,0.4752763234438628,0.21387283236994226,0.021739893975563786
CYS-PHE-ASN,1455.31,792.443,1.83,-0.88,0.3135543920884235,0.4971098265895954,0.07748499060730328
CYS-ILE-LYS,1354.918,857.4760000000001,1.58,1.6599999999999997,0.4613147178592205,0.3526011560693641,0.05735414030385778
ARG-PHE-LYS,1772.322,1182.717,1.49,2.9,0.5334496800465387,0.3005780346820809,0.04819566089230647
ARG-TRP-VAL,1651.9160000000006,945.671,1.74,-0.7399999999999998,0.3216986620127981,0.4450867052023121,0.0637292046868883
ARG-ASP-ASN,1386.9489999999994,1308.419,1.06,6.3,0.7312390924956371,0.05202312138728328,0.001979029252302005
ARG-ASN-ALA,1245.385,1197.0919999999999,1.04,3.16,0.5485747527632345,0.04046242774566477,0.000898131006228024
ARG-TRP-GLN,1719.205,1054.955,1.62,0.4900000000000002,0.3932518906340896,0.3757225433526012,0.05551435857960603
PHE-ILE-LYS,1498.8039999999999,876.308,1.71,-0.03000000000000025,0.3630017452006981,0.4277456647398844,0.06641710570747511
PRO-PHE-HIS,1655.474,798.41,2.07,-1.4599999999999995,0.27981384525887143,0.6358381502890171,0.11312598241278835
ARG-ILE-LYS,1548.029,1270.346,1.21,3.49,0.5677719604421175,0.13872832369942195,0.0109270824021738
ARG-PHE-TYR,1803.81,931.058,1.93,-0.6099999999999999,0.3292611983711461,0.5549132947976878,0.10138899409230116
CYS-PHE-ARG,1622.372,928.4,1.74,0.08000000000000007,0.3694008144269925,0.4450867052023121,0.07317910483937444
ALA-ASN-LYS,1220.851,1153.417,1.05,4.15,0.6061663757998837,0.04624277456647402,0.0012962226620065024
ASP-THR-ILE,1210.433,922.7360000000001,1.31,2.77,0.5258871436881908,0.19653179190751446,0.020312256944887853
ILE-THR-TYR,1414.569,745.4060000000003,1.89,-1.58,0.2728330424665503,0.5317919075144507,0.07715790275107356
ALA-HIS-ILE,1276.83,749.164,1.7,-0.5100000000000001,0.33507853403141363,0.4219653179190751,0.05966231774711494
ALA-THR-ILE,1039.929,638.349,1.62,-0.3700000000000001,0.34322280395578825,0.3757225433526012,0.04845188100882774
ASP-MET-TYR,1492.1760000000006,905.189,1.64,2.26,0.4962187318208261,0.3872832369942196,0.07442700682093245
CYS-THR-ILE,1194.548,707.779,1.68,-0.8900000000000001,0.31297265852239675,0.41040462427745655,0.05271459693312176
ASP-ASN-GLN,1272.506,1272.933,0.99,5.26,0.670738801628854,0.011560693641618505,8.964399767835276e-05
THR-THR-ILE,1187.1,714.183,1.66,-0.6200000000000001,0.3286794648051193,0.3988439306358381,0.05228517263981998
PHE-THR-THR,1351.775,699.565,1.93,-1.21,0.29435718440954045,0.5549132947976878,0.09064104418852363
PHE-PHE-ILE,1592.661,699.8639999999997,2.27,-4.54,0.10063990692262942,0.7514450867052023,0.056828307895099635
ASP-THR-PHE,1437.32,881.424,1.63,2.18,0.4915648632926121,0.3815028901734103,0.07154454022862831
PHE-GLY-ASN,1221.869,753.5260000000003,1.62,0.2899999999999999,0.3816172193135544,0.3757225433526012,0.05387192193523899
GLY-GLY-MET,889.278,625.785,1.42,1.63,0.4595695171611402,0.2601156069364161,0.031094532802676617
PHE-THR-CYS,1361.509,692.877,1.96,-1.48,0.2786503781268179,0.5722543352601155,0.09125103932710553
MET-GLY-ALA,885.5239999999999,611.0830000000002,1.44,0.98,0.4217568353694008,0.27167630057803466,0.031129033690768363
ARG-PHE-ASN,1622.94,1068.906,1.51,0.95,0.4200116346713206,0.31213872832369943,0.04092197957504664
TRP-CYS-ASN,1472.9279999999999,808.862,1.82,-1.2599999999999998,0.2914485165794067,0.4913294797687861,0.0703570293790709
LYS-HIS-ASN,1586.224,1018.68,1.55,3.76,0.5834787667248401,0.3352601156069364,0.06558263126941635
PHE-GLU-MET,1464.8770000000006,877.1010000000001,1.67,1.25,0.43746364165212337,0.4046242774566473,0.07162189996643402
SER-GLY-GLU,1059.061,989.099,1.07,5.24,0.6695753344968005,0.057803468208092526,0.002237212517948484
GLU-GLY-ILE,1076.645,889.533,1.21,3.6599999999999993,0.5776614310645725,0.13872832369942195,0.011117410681719859
GLU-GLY-GLU,1148.467,1149.533,0.99,8.41,0.8539848749272834,0.011560693641618505,0.00011413476894347086
TYR-ALA-ILE,1197.575,647.268,1.85,-1.33,0.2873763816172193,0.5086705202312138,0.0743574024940274
ALA-LYS-ILE,1209.86,868.956,1.39,2.18,0.4915648632926121,0.2427745664739884,0.028972582406634605
GLN-ARG-ILE,1454.078,1168.938,1.24,1.46,0.4496800465386853,0.15606936416184972,0.010953147580163108
GLN-ILE-ILE,1256.989,803.564,1.56,-1.4700000000000002,0.2792321116928447,0.3410404624277457,0.0324770951519527
TYR-ARG-CYS,1568.9379999999999,937.7439999999999,1.67,1.08,0.4275741710296685,0.4046242774566473,0.07000278786612897
TYR-ALA-ASN,1216.703,726.148,1.67,0.64,0.401977894124491,0.4046242774566473,0.06581214478298658
MET-VAL-ILE,1224.24,693.42,1.76,-2.25,0.23385689354275746,0.4566473988439306,0.04876544062950145
HIS-GLY-ILE,1207.897,732.645,1.64,0.1399999999999999,0.3728912158231529,0.3872832369942196,0.055929321655589316
ARG-ALA-LEU,1208.39,913.321,1.32,1.06,0.4264107038976149,0.20231213872832374,0.01745307602240564
HIS-GLN-ILE,1437.799,885.4830000000003,1.62,-0.2400000000000001,0.35078534031413616,0.3757225433526012,0.04951946482766632
TYR-CYS-LEU,1377.485,694.409,1.98,-1.98,0.2495636998254799,0.5838150289017341,0.08506128844664775
CYS-ASN-SER,1207.083,847.1619999999997,1.42,1.29,0.4397905759162304,0.2601156069364161,0.02975628708711838
PRO-TRP-SER,1474.746,752.835,1.95,-1.4899999999999998,0.2780686445607912,0.5664739884393063,0.08923022026669243
TYR-ASN-HIS,1540.456,911.068,1.69,0.25,0.3792902850494474,0.41618497109826585,0.06569684378684001
CYS-LYS-CYS,1370.2320000000002,864.0160000000003,1.58,2.76,0.5253054101221639,0.3526011560693641,0.0653099479122113
TYR-ASN-PHE,1562.094,787.2189999999997,1.98,-1.5699999999999998,0.2734147760325771,0.5838150289017341,0.09319068897418284
PHE-ASN-GLY,1262.849,755.413,1.67,0.2899999999999999,0.3816172193135544,0.4046242774566473,0.06247867869412329
CYS-MET-PHE,1471.693,706.4169999999997,2.08,-2.4,0.22513089005235604,0.6416184971098265,0.0926806006326666
ASN-GLU-SER,1244.734,1204.4189999999999,1.03,4.94,0.6521233275159977,0.034682080924855516,0.0007844044168056382
ARG-GLN-SER,1410.129,1246.422,1.13,3.04,0.5415939499709134,0.09248554913294793,0.00463256544463743
CYS-VAL-LYS,1337.4160000000004,844.176,1.58,2.32,0.4997091332169867,0.3526011560693641,0.0621276248688699
CYS-ILE-TRP,1470.777,740.3860000000003,1.98,-3.23,0.17684700407213494,0.5838150289017341,0.06027653074074805
LYS-ASP-CYS,1360.1,918.044,1.48,6.42,0.7382198952879582,0.29479768786127164,0.06415549960386177
LYS-LEU-PHE,1565.333,865.034,1.8,-0.16000000000000014,0.3554392088423502,0.4797687861271676,0.08181431754201443
LYS-TRP-GLU,1675.955,932.066,1.79,4.34,0.6172193135543922,0.4739884393063584,0.13866760213638052
TYR-VAL-CYS,1360.862,671.9830000000002,2.02,-1.19,0.295520651541594,0.6069364161849711,0.10886147827344962
LYS-HIS-PHE,1786.6270000000006,938.549,1.9,1.1999999999999995,0.4345549738219896,0.53757225433526,0.12557940354126051
LYS-ALA-CYS,1167.266,828.659,1.4,3.28,0.5555555555555556,0.2485549132947976,0.03432196940165798
ALA-ASP-ASN,1067.608,1060.242,1.0,4.99,0.6550319953461315,0.017341040462427758,0.00019697577460373522
VAL-PHE-CYS,1423.4070000000006,660.306,2.15,-2.19,0.237347294938918,0.6820809248554912,0.11042212351663916
LYS-ARG-SER,1531.21,1313.351,1.16,5.069999999999999,0.6596858638743456,0.10982658959537568,0.007957051584036841
ARG-LEU-CYS,1387.65,958.609,1.44,0.54,0.3961605584642233,0.27167630057803466,0.029239823370225182
PHE-TYR-GLN,1664.3220000000001,824.627,2.01,-1.65,0.26876090750436304,0.6011560693641617,0.09712713340128933
PHE-SER-ILE,1357.303,689.8489999999997,1.96,-2.37,0.2268760907504363,0.5722543352601155,0.07429625331434479
LYS-TYR-HIS,1763.631,981.799,1.79,2.2,0.4927283304246655,0.4739884393063584,0.1106988303576949
PHE-GLU-CYS,1425.072,854.44,1.66,1.9,0.4752763234438628,0.3988439306358381,0.07560528503846536
MET-TYR-PHE,1667.665,749.194,2.22,-3.09,0.1849912739965096,0.7225433526011561,0.09657819025678983
ASP-TYR-THR,1431.7320000000002,852.053,1.68,3.18,0.5497382198952879,0.41040462427745655,0.09259348346059493
THR-TYR-ASP,1450.95,806.5010000000003,1.79,3.18,0.5497382198952879,0.4739884393063584,0.1235069594899902
TYR-MET-GLN,1465.201,797.513,1.83,-0.6099999999999999,0.3292611983711461,0.4971098265895954,0.08136642798466358
PHE-PRO-GLN,1402.6670000000001,737.951,1.9,-0.7999999999999998,0.3182082606166376,0.53757225433526,0.0919570732758628
GLY-TYR-VAL,1248.383,644.861,1.93,-0.020000000000000073,0.3635834787667248,0.5549132947976878,0.11195781149768234
ALA-PRO-CYS,1044.844,611.121,1.7,0.62,0.4008144269924375,0.4219653179190751,0.07136690438847604
ALA-PRO-LEU,1041.865,623.0169999999998,1.67,-0.61,0.32926119837114604,0.4046242774566473,0.05390690875133199
TRP-PRO-TRP,1590.6870000000001,796.671,1.99,-4.039999999999999,0.12972658522396746,0.5895953757225433,0.0450959067349446
ALA-TRP-MET,1382.884,695.6560000000003,1.98,-2.26,0.2332751599767307,0.5838150289017341,0.07950950272052623
LEU-TRP-CYS,1496.1570000000006,704.541,2.12,-3.36,0.16928446771378708,0.6647398843930635,0.07480327059089291
ALA-TYR-ASP,1297.786,836.57,1.55,3.43,0.564281559045957,0.3352601156069364,0.06342487769823914
PHE-PRO-SER,1338.932,705.5239999999999,1.89,-1.11,0.30017452006980805,0.5317919075144507,0.08489014460459267
ALA-LEU-LYS,1216.592,826.503,1.47,2.05,0.4840023269342642,0.2890173410404624,0.040429209707496416
ARG-ARG-CYS,1584.2920000000001,1391.737,1.13,3.6,0.5741710296684119,0.09248554913294793,0.0049112159976983285
PHE-PRO-HIS,1522.152,783.1410000000003,1.94,-1.4599999999999995,0.27981384525887143,0.5606936416184971,0.08796713789437402
SER-ARG-CYS,1400.81,932.6610000000001,1.5,2.25,0.4956369982547994,0.3063583815028901,0.0465182374318464
GLN-GLU-ILE,1302.565,1182.702,1.1,3.28,0.5555555555555557,0.07514450867052029,0.003137053990741056
LEU-PRO-ILE,1188.653,651.25,1.82,-2.23,0.2350203606748109,0.4913294797687861,0.05673500971885158
GLN-TYR-PHE,1697.325,817.564,2.07,-1.65,0.26876090750436304,0.6358381502890171,0.10865738851290688
GLN-PHE-TRP,1753.3870000000006,841.1030000000003,2.08,-3.03,0.18848167539267016,0.6416184971098265,0.07759306099479063
TYR-ASN-ILE,1393.648,738.827,1.88,-0.98,0.3077370564281559,0.5260115606936415,0.08514720051727613
CYS-PHE-ILE,1414.154,694.79,2.03,-2.85,0.19895287958115185,0.6127167630057802,0.07469125446803503
GLN-VAL-ASP,1260.878,1136.476,1.1,3.95,0.5945317044793484,0.07514450867052029,0.003357140501086239
GLN-LYS-ILE,1415.594,1018.7310000000001,1.38,2.45,0.5072716695753345,0.2369942196531792,0.028491552559595606
HIS-GLU-HIS,1628.711,1128.515,1.44,3.85,0.5887143688190809,0.27167630057803466,0.04345183737249322
MET-GLU-SER,1274.114,1080.386,1.17,3.42,0.5636998254799302,0.11560693641618493,0.0075338277320315394
ASP-GLU-ALA,1115.485,1107.057,1.0,7.77,0.8167539267015708,0.017341040462427758,0.0002456074489730411
GLU-PRO-GLU,1337.8829999999996,1286.567,1.03,7.4,0.7952297847585806,0.034682080924855516,0.0009565395519833252
CYS-PHE-GLU,1496.33,886.383,1.68,1.9,0.4752763234438628,0.41040462427745655,0.0800517206214879
ILE-PRO-VAL,1178.316,650.623,1.81,-1.4400000000000002,0.2809773123909249,0.4855491329479769,0.06624263811789123
HIS-PRO-ALA,1237.602,755.122,1.63,0.75,0.4083769633507854,0.3815028901734103,0.059437002651475834
TYR-PHE-GLU,1659.965,928.57,1.78,1.21,0.4351367073880163,0.4682080924855491,0.09539015460499098
PHE-PHE-GLU,1663.619,910.469,1.82,0.21,0.3769633507853403,0.4913294797687861,0.09100070865795996
HIS-PRO-GLU,1410.424,953.512,1.47,3.88,0.5904595695171612,0.2890173410404624,0.04932169213114045
CYS-GLN-GLU,1315.234,1216.484,1.08,4.38,0.6195462478184991,0.06358381502890179,0.0025047644754598725
PHE-PRO-ILE,1334.855,722.539,1.84,-2.69,0.20826061663758,0.5028901734104047,0.052668803078280035
GLU-GLN-PHE,1526.266,991.677,1.53,2.6900000000000004,0.5212332751599769,0.3236994219653179,0.0546155083999361
GLU-CYS-TRP,1532.026,923.8989999999999,1.65,1.52,0.4531704479348458,0.3930635838150288,0.07001437238967978
THR-CYS-GLU,1257.889,1023.515,1.22,3.86,0.5892961023851077,0.1445086705202312,0.012306126632720512
THR-TYR-LEU,1429.865,675.712,2.11,-1.71,0.2652705061082025,0.6589595375722542,0.1151877943593905
PHE-CYS-CYS,1372.539,660.0060000000002,2.07,-1.75,0.2629435718440954,0.6358381502890171,0.1063054969866535
TRP-CYS-GLU,1510.295,891.055,1.69,1.52,0.4531704479348458,0.41618497109826585,0.07849362164102511
THR-SER-TYR,1415.7020000000002,706.7660000000003,2.0,0.0,0.3647469458987784,0.5953757225433526,0.1292926709559337
GLY-CYS-PHE,1271.309,623.855,2.03,-0.5800000000000001,0.3310063990692263,0.6127167630057802,0.12426702863249105
THR-CYS-TRP,1484.6429999999998,688.194,2.15,-1.86,0.2565445026178011,0.6820809248554912,0.11935332468342615
HIS-CYS-VAL,1374.693,739.3910000000003,1.85,-0.37,0.34322280395578825,0.5086705202312138,0.08880742403132827
MET-MET-GLU,1333.236,1029.778,1.29,2.29,0.4979639325189063,0.18497109826589608,0.017037490958580644
TYR-CYS-PHE,1526.987,762.0889999999997,2.0,-2.44,0.222803955788249,0.5953757225433526,0.07897781973863252
CYS-GLY-PHE,1255.531,622.914,2.01,-0.5800000000000001,0.3310063990692263,0.6011560693641617,0.11962194568254032
PHE-GLU-PHE,1607.72,869.127,1.84,0.21,0.3769633507853403,0.5028901734104047,0.09533347596292027
CYS-THR-PHE,1411.865,667.0980000000002,2.11,-1.48,0.2786503781268179,0.6589595375722542,0.12099770503979836
GLY-PHE-PHE,1489.34,689.3860000000003,2.16,-2.27,0.2326934264107039,0.6878612716763006,0.1100996228207417
CYS-PHE-HIS,1656.428,775.6569999999997,2.13,-1.62,0.2705061082024433,0.6705202312138727,0.12161883764816987
PHE-GLY-PHE,1371.142,667.3530000000002,2.05,-2.27,0.2326934264107039,0.6242774566473986,0.09068582731312266
CYS-CYS-LYS,1365.3929999999998,878.7239999999997,1.55,2.76,0.5253054101221639,0.3352601156069364,0.05904398408403086
PHE-GLY-CYS,1200.5539999999999,625.475,1.91,-0.5800000000000001,0.3310063990692263,0.5433526011560693,0.09772369748991558
CYS-HIS-MET,1474.774,787.6189999999997,1.87,-0.5800000000000001,0.3310063990692263,0.5202312138728323,0.08958374260619241
ASP-LYS-PHE,1590.432,850.3560000000001,1.87,4.73,0.6399069226294358,0.5202312138728323,0.17318473966047745
MET-GLY-PRO,1044.238,639.735,1.63,0.6199999999999999,0.4008144269924375,0.3815028901734103,0.05833631741718925
ARG-ILE-ASP,1364.471,935.862,1.45,4.33,0.6166375799883654,0.2774566473988439,0.04747011207501733
TYR-VAL-ASP,1386.372,838.4910000000001,1.65,2.47,0.5084351367073879,0.3930635838150288,0.0785527104859822
TRP-ILE-ILE,1437.882,741.8430000000003,1.93,-4.33,0.11285631180919138,0.5549132947976878,0.0347517046888806
TRP-ILE-ASP,1466.76,877.485,1.67,0.43000000000000016,0.38976148923792897,0.4046242774566473,0.0638120651296686
TRP-ILE-TRP,1650.906,791.814,2.08,-5.3,0.05642815590459569,0.6416184971098265,0.02323002134720584
ARG-GLU-TRP,1684.651,950.627,1.77,3.35,0.5596276905177429,0.4624277456647399,0.11967046073418935
ARG-CYS-PHE,1587.267,937.823,1.69,0.08000000000000007,0.3694008144269925,0.41618497109826585,0.06398388927092548
ARG-PRO-ALA,1225.211,900.203,1.36,2.45,0.5072716695753345,0.22543352601156075,0.025779685569985104
ASP-SER-ASP,1246.625,1228.697,1.01,7.74,0.8150087260034905,0.02312138728323701,0.0004357024830784813
ARG-LYS-CYS,1554.652,1316.24,1.18,4.59,0.6317626527050612,0.1213872832369942,0.009308942157871355
ILE-ILE-SER,1196.895,676.9960000000002,1.76,-1.7800000000000002,0.26119837114601513,0.4566473988439306,0.05446687274290087
GLU-THR-LYS,1371.3670000000004,1024.909,1.33,6.68,0.7533449680046539,0.20809248554913296,0.032621707325137216
GLU-PRO-PHE,1486.875,848.841,1.75,2.06,0.484584060500291,0.4508670520231213,0.09850678018255772
MET-THR-LYS,1370.765,915.846,1.49,2.38,0.5031995346131471,0.3005780346820809,0.045462646316079706
TRP-THR-SER,1425.35,700.202,2.03,-1.38,0.2844677137870855,0.6127167630057802,0.10679539016043606
PHE-THR-HIS,1527.9620000000002,789.21,1.93,-1.35,0.28621291448516584,0.5549132947976878,0.08813318921097557
TRP-THR-CYS,1439.089,737.852,1.95,-1.86,0.2565445026178011,0.5664739884393063,0.08232327853056771
GLU-TYR-PRO,1463.8529999999994,908.408,1.61,3.06,0.5427574171029669,0.3699421965317921,0.07428027600166236
PRO-ILE-LYS,1380.555,897.377,1.53,1.82,0.4706224549156487,0.3236994219653179,0.049312440061995866
GLU-GLY-ARG,1234.101,1114.814,1.1,6.59,0.7481093659104131,0.07514450867052029,0.004224347049312039
PRO-TYR-LYS,1605.8039999999999,890.9060000000003,1.8,2.23,0.4944735311227458,0.4797687861271676,0.11381697203062567
GLU-PHE-PHE,1698.997,955.243,1.77,0.21,0.3769633507853403,0.4624277456647399,0.08060962427833132
GLU-MET-MET,1346.6729999999998,1000.569,1.34,2.29,0.4979639325189063,0.21387283236994226,0.022777661252243068
PHE-ASP-MET,1430.774,858.071,1.66,1.2600000000000002,0.4380453752181501,0.3988439306358381,0.06968271681023795
PHE-MET-LEU,1407.1870000000001,731.1619999999997,1.92,-3.63,0.15357766143106458,0.5491329479768785,0.04631088223513506
GLU-TRP-TRP,1850.559,994.602,1.86,-0.5499999999999998,0.3327515997673066,0.5144508670520231,0.08806593677559676
GLU-PHE-MET,1515.8429999999994,930.908,1.62,1.25,0.43746364165212337,0.3757225433526012,0.061755617828200784
GLU-TRP-PHE,1778.438,927.236,1.91,-0.16999999999999993,0.3548574752763235,0.5433526011560693,0.10476529959375837
CYS-MET-LEU,1242.515,687.3,1.8,-1.94,0.251890634089587,0.4797687861271676,0.05797970457560109
LEU-MET-GLU,1304.837,924.462,1.41,1.71,0.4642233856893543,0.2543352601156069,0.03002895100720336
THR-MET-ALA,1065.954,672.597,1.58,0.07999999999999996,0.3694008144269925,0.3526011560693641,0.0459267075573136
GLU-ALA-VAL,1059.09,833.183,1.27,3.67,0.5782431646305992,0.17341040462427745,0.017388447598233794
PHE-GLY-MET,1218.047,649.601,1.87,-1.23,0.2931937172774869,0.5202312138728323,0.07935009889898237
VAL-GLN-PRO,1225.228,719.3389999999997,1.7,0.45,0.3909249563699826,0.4219653179190751,0.0696060373716341
VAL-TRP-THR,1477.635,724.45,2.03,-2.3,0.2309482257126237,0.6127167630057802,0.08670300591757284
LEU-HIS-PRO,1393.875,746.255,1.86,-1.0,0.3065735892961024,0.5144508670520231,0.08113767251877534
PRO-LYS-PRO,1356.0829999999999,856.1289999999997,1.58,3.08,0.5439208842350204,0.3526011560693641,0.06762436467100506
PHE-GLU-PRO,1422.3,874.034,1.62,2.06,0.484584060500291,0.3757225433526012,0.06840748623788731
CYS-HIS-PRO,1392.408,725.679,1.91,0.23,0.3781268179173939,0.5433526011560693,0.11163515530482447
PHE-GLN-PHE,1592.526,794.9989999999997,2.0,-2.65,0.21058755090168704,0.5953757225433526,0.07464744319943857
TRP-GLN-PRO,1490.878,815.956,1.82,-1.1799999999999995,0.2961023851076207,0.4913294797687861,0.07148049491805805
LYS-GLN-PRO,1383.515,969.585,1.42,3.71,0.5805700988947063,0.2601156069364161,0.03928144776844465
VAL-PHE-PRO,1378.273,666.051,2.06,-2.03,0.24665503199534616,0.630057803468208,0.09791534749362517
ARG-GLN-PRO,1419.932,1067.558,1.33,2.72,0.5229784758580571,0.20809248554913296,0.02264626632069372
ILE-ASP-PHE,1441.836,802.427,1.79,0.81,0.411867364746946,0.4739884393063584,0.09253219822107203
ILE-TRP-THR,1479.473,711.49,2.07,-2.96,0.19255381035485747,0.6358381502890171,0.0778476095189874
MET-HIS-PHE,1686.723,824.7330000000003,2.04,-2.27,0.2326934264107039,0.6184971098265896,0.08901423498867816
CYS-VAL-PHE,1390.2820000000006,641.573,2.16,-2.19,0.237347294938918,0.6878612716763006,0.11230161527715657
PHE-LEU-PHE,1534.511,764.586,2.0,-4.67,0.09307737056428153,0.5953757225433526,0.03299334506052533
ALA-ASP-THR,1049.092,969.773,1.08,4.3900000000000015,0.620127981384526,0.06358381502890179,0.002507116366986126
PHE-ASP-ALA,1262.249,789.6310000000003,1.59,2.43,0.506108202443281,0.35838150289017345,0.06500317184643566
ALA-ASP-TYR,1291.493,810.6419999999997,1.59,3.4300000000000006,0.564281559045957,0.35838150289017345,0.07247480079430182
ASN-ASP-GLU,1288.482,1298.661,0.99,8.120000000000001,0.8371146015125074,0.011560693641618505,0.00011188006301747583
HIS-ASP-THR,1397.771,919.05,1.52,4.0,0.5974403723094823,0.3179190751445087,0.06038481493655599
GLN-CYS-CYS,1263.89,833.035,1.51,0.73,0.4072134962187319,0.31213872832369943,0.0396750494494912
GLN-PHE-ARG,1690.9620000000002,1079.714,1.56,0.8700000000000001,0.4153577661431065,0.3410404624277457,0.04830967903852964
GLN-SER-PHE,1454.66,810.3530000000003,1.79,-0.48,0.3368237347294939,0.4739884393063584,0.07567251803672415
ASP-CYS-PHE,1453.079,824.8480000000003,1.76,1.91,0.4758580570098895,0.4566473988439306,0.0992291801863985
TRP-CYS-LEU,1452.025,717.293,2.02,-3.36,0.16928446771378708,0.6069364161849711,0.06235962633380675
TYR-THR-CYS,1372.259,702.2360000000001,1.95,-0.48,0.3368237347294939,0.5664739884393063,0.10808430446530318
GLN-TRP-SER,1540.741,770.7439999999997,1.99,-0.8599999999999999,0.3147178592204771,0.5895953757225433,0.10940307418656964
GLU-LYS-CYS,1407.149,926.679,1.51,6.41,0.7376381617219314,0.31213872832369943,0.07186851814564978
GLN-ASN-HIS,1477.701,1068.427,1.38,1.7300000000000002,0.4653868528214079,0.2369942196531792,0.02613903904550056
PHE-MET-PHE,1564.2,703.5189999999999,2.22,-4.09,0.12681791739383366,0.7225433526011561,0.06620769017603831
PHE-MET-SER,1399.358,677.627,2.06,-1.92,0.2530541012216405,0.630057803468208,0.1004556041502994
PHE-TYR-PHE,1793.266,745.118,2.4,-4.13,0.12449098312972658,0.8265895953757224,0.08505850893848034
MET-MET-PHE,1487.524,745.775,1.99,-3.05,0.18731820826061665,0.5895953757225433,0.06511606263969577
PHE-ASP-PHE,1560.005,803.84,1.94,0.2200000000000002,0.3775450843513671,0.5606936416184971,0.11869162680550675
PHE-ASN-PHE,1546.854,824.265,1.87,-2.57,0.2152414194299012,0.5202312138728323,0.058253048794887866
PHE-ALA-PHE,1370.0,710.8489999999997,1.92,-2.92,0.1948807446189645,0.5491329479768785,0.058765702836250926
VAL-GLY-CYS,1020.395,583.094,1.74,0.6699999999999999,0.4037230948225713,0.4450867052023121,0.07997842324177301
HIS-GLY-CYS,1212.085,703.206,1.72,1.24,0.4368819080860966,0.4335260115606936,0.08210968401831979
VAL-MET-CYS,1231.131,680.431,1.8,-1.15,0.297847585805701,0.4797687861271676,0.06855798785844745
VAL-GLY-TRP,1320.141,644.254,2.04,-1.4,0.28330424665503195,0.6184971098265896,0.10837483109871568
VAL-GLY-PRO,1001.182,585.304,1.71,0.83,0.41303083187899947,0.4277456647398844,0.07557074527613354
VAL-LEU-CYS,1212.464,655.6210000000002,1.84,-1.73,0.2641070389761489,0.5028901734104047,0.06679228099871266
SER-GLY-CYS,1012.926,608.8580000000002,1.66,1.59,0.4572425828970332,0.3988439306358381,0.0727365410529177
VAL-GLY-LYS,1176.153,833.533,1.41,3.49,0.5677719604421175,0.2543352601156069,0.03672713807397303
VAL-GLY-TYR,1260.991,631.871,1.99,-0.02000000000000001,0.3635834787667249,0.5895953757225433,0.1263898731360555
GLY-TYR-ASP,1294.287,845.1610000000003,1.53,4.08,0.6020942408376964,0.3236994219653179,0.06308822677894403
GLY-TYR-PHE,1469.565,704.192,2.08,-1.27,0.2908667830133799,0.6416184971098265,0.11974237807838065
PHE-TYR-ASP,1640.2379999999994,875.7739999999999,1.87,1.2200000000000002,0.4357184409540431,0.5202312138728323,0.11792306364154327
GLY-TYR-TYR,1490.245,692.01,2.15,-0.27,0.3490401396160559,0.6820809248554912,0.16238547575976345
GLY-TYR-ILE,1259.918,649.043,1.94,-0.6800000000000002,0.3251890634089588,0.5606936416184971,0.1022320791745428
GLY-TYR-HIS,1496.3239999999994,754.86,1.98,0.5499999999999999,0.3967422920302502,0.5838150289017341,0.13522563804338875
LEU-TYR-ASP,1475.079,867.988,1.69,1.6800000000000002,0.46247818499127397,0.41618497109826585,0.08010581412659172
TRP-TYR-ASP,1713.5620000000001,898.209,1.9,0.8400000000000003,0.4136125654450262,0.53757225433526,0.11952738409348893
GLY-TYR-SER,1248.72,645.21,1.93,0.8999999999999999,0.4171029668411868,0.5549132947976878,0.12843800135014122
GLY-TYR-TRP,1578.556,702.025,2.24,-1.65,0.26876090750436304,0.7341040462427746,0.14483760490286582
GLY-TYR-GLN,1325.884,778.814,1.7,1.21,0.4351367073880163,0.4219653179190751,0.0774781487410451
GLY-PRO-TRP,1316.951,726.307,1.81,-0.7999999999999998,0.3182082606166376,0.4855491329479769,0.07502013053930953
HIS-PRO-ILE,1359.464,759.5089999999999,1.78,-0.8700000000000001,0.31413612565445026,0.4682080924855491,0.06886455011590258
TYR-PRO-PHE,1482.914,731.3430000000003,2.02,-2.28,0.23211169284467714,0.6069364161849711,0.08550340517934328
GLY-TRP-GLU,1413.0,899.7919999999997,1.57,2.69,0.5212332751599767,0.3468208092485549,0.06269637443870213
HIS-PRO-ARG,1524.215,954.5,1.59,2.06,0.484584060500291,0.35838150289017345,0.062238669135725185
GLU-PRO-ILE,1255.158,837.17,1.49,2.65,0.5189063408958697,0.3005780346820809,0.04688171157681284
ILE-PRO-TYR,1417.2679999999998,723.828,1.95,-1.69,0.26643397324025603,0.5664739884393063,0.08549673824716557
GLU-ASP-ASN,1287.154,1308.602,0.98,8.12,0.8371146015125073,0.0057803468208092535,2.7970015754368958e-05
SER-GLN-GLU,1293.883,1228.921,1.05,4.859999999999999,0.6474694589877836,0.04624277456647402,0.0013845449355213409
ARG-TRP-PRO,1641.016,989.487,1.65,-0.1399999999999998,0.35660267597440376,0.3930635838150288,0.05509475003193031
VAL-CYS-PHE,1410.5639999999999,684.7180000000002,2.06,-2.19,0.237347294938918,0.630057803468208,0.09422042872028084
TRP-ILE-PRO,1432.328,690.4,2.07,-3.07,0.18615474112856312,0.6358381502890171,0.07526052884010867
PHE-VAL-PRO,1347.7379999999996,637.965,2.11,-2.03,0.24665503199534616,0.6589595375722542,0.10710444036925784
GLY-PHE-PRO,1228.316,640.184,1.91,-0.42,0.3403141361256545,0.5433526011560693,0.10047163977434204
PHE-GLN-HIS,1597.5320000000006,894.471,1.78,-0.83,0.3164630599185573,0.4682080924855491,0.0693746578945389
VAL-ASP-ALA,1041.201,797.1460000000003,1.3,3.68,0.578824898196626,0.1907514450867052,0.021061188617599168
PHE-ARG-PRO,1561.309,915.752,1.7,0.2400000000000001,0.37870855148342064,0.4219653179190751,0.06743084870377053
GLN-PHE-PRO,1451.888,825.2080000000003,1.75,-0.7999999999999999,0.3182082606166376,0.4508670520231213,0.06468572480175158
ARG-ILE-PHE,1597.0379999999998,956.306,1.67,-1.02,0.3054101221640489,0.4046242774566473,0.05000199133294928
ARG-PHE-VAL,1582.249,938.18,1.68,-0.35999999999999993,0.343804537521815,0.41040462427745655,0.057907670608689524
THR-ILE-PHE,1418.5720000000001,711.319,1.99,-2.58,0.21465968586387435,0.5895953757225433,0.07462058109952716
PHE-ILE-GLY,1246.877,609.194,2.04,-1.6800000000000002,0.2670157068062827,0.6184971098265896,0.1021438346495082
GLU-ILE-TRP,1536.881,916.653,1.67,0.4199999999999999,0.3891797556719023,0.4046242774566473,0.06371682324141538
ARG-MET-THR,1397.808,998.501,1.39,1.39,0.4456079115764981,0.2427745664739884,0.02626390310471256
ASN-PRO-ASP,1235.5,1096.955,1.12,4.63,0.6340895869691682,0.0867052023121388,0.004766953692674766
ASN-ILE-PRO,1212.102,814.2710000000003,1.48,-0.13000000000000012,0.3571844095404305,0.29479768786127164,0.031041352842215226
CYS-ILE-PHE,1416.33,670.456,2.11,-2.85,0.19895287958115185,0.6589595375722542,0.08639084576954285
TYR-ASN-ASP,1418.529,983.382,1.44,3.78,0.5846422338568936,0.27167630057803466,0.04315128118513408
ALA-PHE-ILE,1254.906,630.919,1.98,-2.33,0.2292030250145433,0.5838150289017341,0.07812155628899584
CYS-TYR-CYS,1444.1329999999994,685.2639999999999,2.1,-0.75,0.3211169284467714,0.6531791907514449,0.13700230743883268
HIS-PRO-CYS,1366.7079999999999,721.98,1.89,0.23,0.3781268179173939,0.5317919075144507,0.10693525967632796
ALA-TRP-CYS,1347.558,659.622,2.04,-1.61,0.2710878417684701,0.6184971098265896,0.10370158376181007
GLY-PRO-PHE,1266.397,638.904,1.98,-0.4199999999999999,0.3403141361256545,0.5838150289017341,0.11599266606361056
MET-PRO-ASP,1263.247,880.9169999999997,1.43,3.1100000000000003,0.5456660849331006,0.26589595375722536,0.03857895137553678
ALA-GLN-TYR,1321.635,736.837,1.79,0.56,0.39732402559627694,0.4739884393063584,0.08926481834038444
VAL-PRO-PHE,1404.929,651.981,2.15,-2.03,0.24665503199534616,0.6820809248554912,0.11475240287023285
CYS-PRO-ARG,1389.251,932.63,1.48,1.93,0.477021524141943,0.29479768786127164,0.0414558783886262
LYS-TYR-CYS,1572.014,877.7869999999997,1.79,2.07,0.4851657940663177,0.4739884393063584,0.10899979281973736
LYS-CYS-PRO,1340.295,837.9010000000003,1.59,2.92,0.5346131471785922,0.35838150289017345,0.06866427003089008
ASP-CYS-TRP,1510.167,868.2139999999997,1.73,1.5300000000000002,0.4537521815008727,0.4393063583815029,0.08756966822643722
TRP-CYS-PRO,1443.101,729.8589999999997,1.97,-1.97,0.2501454333915067,0.5780346820809248,0.08357961622222815
PRO-CYS-PHE,1420.2720000000006,657.044,2.16,-1.59,0.2722513089005236,0.6878612716763006,0.1288165587002678
VAL-TYR-CYS,1415.7089999999994,657.0930000000002,2.15,-1.19,0.295520651541594,0.6820809248554912,0.13748636947659973
GLY-PHE-CYS,1267.601,649.116,1.95,-0.5800000000000001,0.3310063990692263,0.5664739884393063,0.10621756345553976
LYS-LYS-CYS,1521.7120000000002,1270.132,1.19,5.58,0.6893542757417104,0.12716763005780346,0.011147965834441095
TYR-CYS-CYS,1378.39,650.812,2.11,-0.75,0.3211169284467714,0.6589595375722542,0.1394378563297885
ALA-LEU-CYS,1056.195,631.5169999999998,1.67,-0.77,0.3199534613147179,0.4046242774566473,0.052383038539280204
GLU-TYR-PHE,1690.494,894.6089999999997,1.88,1.21,0.4351367073880163,0.5260115606936415,0.1203971757786816
LYS-TRP-PHE,1856.3270000000002,908.204,2.04,-1.0,0.3065735892961024,0.6184971098265896,0.11727625459758348
GLY-TRP-PHE,1581.526,737.812,2.14,-2.65,0.21058755090168704,0.6763005780346821,0.09631905457226082
ARG-TRP-PHE,1883.9479999999999,938.06,2.0,-1.99,0.24898196625945315,0.5953757225433526,0.08825719803690528
GLU-HIS-PHE,1705.066,984.262,1.73,2.03,0.4828388598022106,0.4393063583815029,0.09318310849736268
GLU-TRP-VAL,1537.336,918.434,1.67,1.08,0.4275741710296685,0.4046242774566473,0.07000278786612897
GLU-ASN-PHE,1479.9779999999994,1098.182,1.34,2.77,0.5258871436881908,0.21387283236994226,0.02405491328507913
GLU-THR-PHE,1458.882,911.73,1.6,2.17,0.4909831297265853,0.3641618497109827,0.0651111644854428
LYS-TRP-ASP,1641.236,895.8660000000001,1.83,4.35,0.6178010471204188,0.4971098265895954,0.15266987017617084
TYR-TRP-GLU,1735.069,967.567,1.79,0.8300000000000001,0.41303083187899947,0.4739884393063584,0.09279358861152702
LYS-TRP-GLY,1508.348,852.577,1.76,1.86,0.4729493891797557,0.4566473988439306,0.09862264485518576
LYS-TRP-LYS,1805.818,1171.172,1.54,3.51,0.568935427574171,0.3294797687861272,0.06176187658085744
LYS-ASN-GLU,1366.2279999999996,1288.844,1.06,7.2799999999999985,0.7882489819662595,0.05202312138728328,0.0021333211112722484
LYS-HIS-GLU,1602.161,963.405,1.66,6.539999999999999,0.7452006980802792,0.3988439306358381,0.11854390469311395
LYS-TRP-PRO,1596.999,900.33,1.77,0.85,0.4141942990110529,0.4624277456647399,0.08857106865149983
PHE-TRP-GLU,1740.6729999999998,900.1489999999999,1.93,-0.16999999999999993,0.3548574752763235,0.5549132947976878,0.109270824021738
HIS-TRP-GLU,1745.54,1020.152,1.71,1.65,0.4607329842931938,0.4277456647398844,0.08429863416717995
GLY-LYS-PHE,1431.29,831.492,1.72,2.24,0.4950552646887726,0.4335260115606936,0.09304306404739034
TRP-LYS-PHE,1786.098,909.318,1.96,-1.0,0.3065735892961024,0.5722543352601155,0.10039519358117874
PHE-LYS-PHE,1701.277,878.477,1.93,-0.6200000000000001,0.3286794648051193,0.5549132947976878,0.10120986159390484
PRO-LYS-PHE,1585.0020000000006,870.21,1.82,1.23,0.43630017452006986,0.4913294797687861,0.10532489428004624
HIS-LYS-PHE,1745.9620000000002,954.034,1.83,1.1999999999999995,0.4345549738219896,0.4971098265895954,0.10738643410696763
GLU-LYS-PHE,1621.946,908.32,1.78,4.72,0.639325189063409,0.4682080924855491,0.14015211218032764
ASP-LYS-LEU,1384.719,904.347,1.53,5.19,0.6666666666666667,0.3236994219653179,0.06985421052045397
THR-CYS-TYR,1421.73,709.455,2.0,-0.48,0.3368237347294939,0.5953757225433526,0.11939466743777608
THR-SER-TRP,1460.259,727.925,2.0,-1.38,0.2844677137870855,0.5953757225433526,0.10083591084123056
PRO-SER-TYR,1420.6370000000006,641.668,2.21,-0.10999999999999988,0.3583478766724841,0.7167630057803467,0.1841009372754223
CYS-SER-TYR,1404.111,722.882,1.94,-0.27,0.3490401396160559,0.5606936416184971,0.10973031753975973
ALA-SER-TYR,1255.053,657.512,1.9,0.25,0.3792902850494474,0.53757225433526,0.1096087966651966
THR-PRO-TYR,1419.753,675.217,2.1,-0.31999999999999995,0.3461314717859221,0.6531791907514449,0.14767458863424898
THR-VAL-TYR,1412.967,706.061,2.0,-0.92,0.3112274578243165,0.5953757225433526,0.11032149754613164
THR-SER-GLU,1235.485,1048.0330000000001,1.17,4.34,0.6172193135543922,0.11560693641618493,0.008249113749933399
THR-SER-GLY,1010.855,660.323,1.53,1.86,0.4729493891797557,0.3236994219653179,0.04955625929592415
PRO-CYS-TYR,1432.399,660.696,2.16,-0.59,0.33042466550319954,0.6878612716763006,0.1563414644054532
HIS-SER-TYR,1557.259,803.073,1.93,-0.1399999999999999,0.35660267597440376,0.5549132947976878,0.10980822151692687
LYS-SER-TYR,1537.5870000000002,870.5189999999999,1.76,2.55,0.5130890052356022,0.4566473988439306,0.10699283242592113
PRO-VAL-TYR,1415.961,656.054,2.15,-1.03,0.3048283885980221,0.6820809248554912,0.14181664883019338
PRO-SER-HIS,1424.943,733.995,1.94,0.7100000000000001,0.4060500290866783,0.5606936416184971,0.1276529360712538
PRO-PHE-TYR,1637.017,730.188,2.24,-2.28,0.23211169284467714,0.7341040462427746,0.1250870224161114
PRO-TRP-TYR,1726.9379999999999,751.1160000000001,2.29,-2.66,0.2100058173356603,0.7630057803468208,0.1222607291007566
GLU-SER-TYR,1466.999,875.092,1.67,3.38,0.5613728912158231,0.4046242774566473,0.09190842216437342
PRO-ALA-TYR,1281.626,648.703,1.97,-0.06999999999999995,0.36067481093659104,0.5780346820809248,0.12051014432042198
GLU-THR-TRP,1530.183,897.7289999999997,1.7,1.79,0.4688772542175683,0.4219653179190751,0.08348581268085874
ALA-THR-PHE,1255.5710000000001,671.7330000000002,1.86,-0.96,0.3089005235602094,0.5144508670520231,0.08175351823049279
PHE-SER-LYS,1496.2579999999994,817.549,1.83,1.5499999999999998,0.4549156486329262,0.4971098265895954,0.11241792700354578
TRP-THR-GLY,1315.671,688.2280000000003,1.91,-0.69,0.324607329842932,0.5433526011560693,0.0958344871693724
GLY-THR-ILE,1042.212,614.326,1.69,0.2799999999999998,0.3810354857475276,0.41618497109826585,0.06599912987788374
GLU-LEU-THR,1255.5639999999999,992.552,1.26,2.63,0.5177428737638161,0.1676300578034682,0.014548489987482687
LEU-ALA-LYS,1184.485,838.68,1.41,2.05,0.4840023269342642,0.2543352601156069,0.03130837999748521
GLU-PHE-PRO,1452.265,890.268,1.63,2.06,0.484584060500291,0.3815028901734103,0.07052852308928685
GLY-THR-THR,1016.733,672.826,1.51,1.65,0.4607329842931938,0.31213872832369943,0.04488948451999576
CYS-TYR-ALA,1288.955,633.944,2.03,-0.23,0.3513670738801629,0.6127167630057802,0.1319108704640151
LYS-GLY-SER,1140.683,865.3389999999997,1.31,4.41,0.6212914485165795,0.19653179190751446,0.023997223912765743
TYR-PRO-SER,1335.9129999999998,732.545,1.82,-0.10999999999999993,0.358347876672484,0.4913294797687861,0.08650684650201132
ARG-ASN-TYR,1599.52,1058.428,1.51,1.95,0.4781849912739965,0.31213872832369943,0.0465898437821168
TRP-ILE-SER,1434.764,731.5,1.96,-2.75,0.20477021524141945,0.5722543352601155,0.06705713119653685
CYS-TYR-TRP,1718.264,767.32,2.23,-2.82,0.2006980802792321,0.7283236994219653,0.10646138268946803
TRP-ASN-HIS,1651.745,856.816,1.92,-1.1299999999999997,0.2990110529377545,0.5491329479768785,0.09016588435174024
CYS-TYR-PRO,1396.154,681.426,2.04,-0.59,0.33042466550319954,0.6184971098265896,0.126400213683923
PHE-VAL-LYS,1492.8339999999994,865.137,1.72,0.6299999999999999,0.4013961605584642,0.4335260115606936,0.07544032220058675
ALA-PHE-TYR,1491.396,702.466,2.12,-1.92,0.2530541012216405,0.6647398843930635,0.11181932201731416
ILE-PHE-ALA,1277.083,689.7289999999997,1.85,-2.33,0.2292030250145433,0.5086705202312138,0.05930529672600565
GLN-PHE-GLY,1326.384,795.789,1.66,0.21,0.3769633507853403,0.3988439306358381,0.05996600331080236
ILE-PHE-TRP,1707.7320000000002,721.365,2.36,-4.92,0.07853403141361255,0.8034682080924854,0.050698520530001255
GLN-PHE-MET,1509.312,820.495,1.83,-1.61,0.2710878417684701,0.4971098265895954,0.06699073399444032
LEU-VAL-LYS,1332.93,874.207,1.52,1.09,0.4281559045956952,0.3179190751445087,0.04327480408306252
ILE-MET-LYS,1406.654,917.012,1.53,1.0099999999999998,0.4235020360674811,0.3236994219653179,0.04437510057494807
ARG-ASP-ALA,1238.566,1041.225,1.18,5.95,0.7108784176847004,0.1213872832369942,0.010474702870090972
PHE-PHE-THR,1589.955,745.538,2.13,-3.17,0.18033740546829552,0.6705202312138727,0.0810792250987799
PHE-PHE-ASP,1631.6329999999994,847.7769999999997,1.92,0.2200000000000002,0.3775450843513671,0.5491329479768785,0.11384758549470705
LYS-PHE-THR,1544.706,820.313,1.88,1.34,0.4426992437463642,0.5260115606936415,0.12248964006360526
PHE-PHE-LYS,1735.79,892.6569999999997,1.94,-0.6200000000000001,0.3286794648051193,0.5606936416184971,0.1033293823499404
PHE-CYS-THR,1363.683,700.7769999999997,1.94,-1.48,0.2786503781268179,0.5606936416184971,0.08760137016924151
TYR-PHE-THR,1591.39,731.6189999999997,2.17,-2.17,0.2385107620709715,0.6936416184971097,0.1147567567851244
PHE-PHE-HIS,1798.747,843.885,2.13,-3.31,0.17219313554392088,0.6705202312138727,0.07741758267496404
GLU-PHE-THR,1473.779,878.596,1.67,2.17,0.4909831297265853,0.4046242774566473,0.08038415368573179
PHE-PHE-ALA,1479.36,659.687,2.24,-2.92,0.1948807446189645,0.7341040462427746,0.1050229386200434
PHE-ALA-THR,1190.8980000000001,606.457,1.96,-0.96,0.3089005235602094,0.5722543352601155,0.10115720643568483
GLY-GLU-ASP,1120.222,1109.281,1.0,8.42,0.8545666084933101,0.017341040462427758,0.00025697816420327445
LYS-GLU-ASP,1383.6529999999998,1278.745,1.08,10.07,0.9505526468877256,0.06358381502890179,0.003842990753898058
GLY-TRP-ASP,1366.465,836.2310000000001,1.63,2.7,0.5218150087260035,0.3815028901734103,0.07594728116577468
GLY-LEU-ASP,1076.836,905.7080000000001,1.18,3.54,0.5706806282722513,0.1213872832369942,0.00840890631387827
ILE-GLU-ASP,1301.998,1255.509,1.03,6.15,0.7225130890052357,0.034682080924855516,0.0008690725117507607
TRP-GLU-ASP,1545.818,1191.718,1.29,5.18,0.66608493310064,0.18497109826589608,0.02278963451819491
PHE-GLU-ASP,1467.064,1232.075,1.19,5.5600000000000005,0.6881908086096569,0.12716763005780346,0.011129150702231071
VAL-LEU-SER,1194.893,690.15,1.73,-1.25,0.2920302501454334,0.4393063583815029,0.05635894032009165
VAL-VAL-SER,1174.918,614.587,1.91,-0.46,0.33798720186154746,0.5433526011560693,0.09978465420323544
VAL-PRO-SER,1181.753,661.3489999999998,1.78,0.14,0.3728912158231529,0.4682080924855491,0.08174477152646954
VAL-LEU-THR,1196.809,671.284,1.78,-1.46,0.27981384525887143,0.4682080924855491,0.061340460381016926
PHE-LEU-SER,1364.475,691.556,1.97,-2.5,0.21931355439208844,0.5780346820809248,0.07327794259483725
VAL-PHE-SER,1411.096,687.1460000000002,2.05,-1.71,0.2652705061082025,0.6242774566473986,0.10338184313695983
ASP-LEU-SER,1216.3419999999999,916.2080000000001,1.32,2.85,0.5305410122164049,0.20231213872832374,0.021715150521737992
VAL-GLY-SER,1005.715,564.9019999999998,1.78,1.15,0.43164630599185577,0.4682080924855491,0.09462499293703652
CYS-LEU-SER,1199.017,675.748,1.77,-0.81,0.3176265270506108,0.4624277456647399,0.06792107230859397
VAL-GLU-SER,1242.503,885.722,1.4,3.63,0.5759162303664921,0.2485549132947976,0.03557984262580252
PHE-LYS-THR,1529.318,857.8560000000001,1.78,1.34,0.4426992437463642,0.4682080924855491,0.09704800488555901
CYS-PHE-THR,1413.9920000000006,682.025,2.07,-1.48,0.2786503781268179,0.6358381502890171,0.11265560410753768
PHE-TRP-THR,1662.405,741.865,2.24,-3.55,0.15823152995927867,0.7341040462427746,0.08527235613328897
PHE-HIS-THR,1603.275,810.207,1.97,-1.35,0.28621291448516584,0.5780346820809248,0.09563063065427037
PHE-LEU-THR,1374.807,707.2330000000003,1.94,-2.71,0.20709714950552646,0.5606936416184971,0.06510665507359076
SER-PHE-THR,1401.807,713.903,1.96,-1.0,0.3065735892961024,0.5722543352601155,0.10039519358117874
VAL-TRP-CYS,1490.989,712.69,2.09,-2.57,0.2152414194299012,0.6473988439306357,0.09021311655346582
TYR-PRO-THR,1341.086,698.6189999999997,1.91,-0.31999999999999995,0.3461314717859221,0.5433526011560693,0.10218910370210857
HIS-LEU-CYS,1392.844,769.1669999999997,1.81,-1.16,0.2972658522396742,0.4855491329479769,0.07008279105226173
HIS-TRP-CYS,1693.065,855.66,1.97,-2.0,0.24840023269342645,0.5780346820809248,0.08299650262067773
MET-TYR-CYS,1466.4270000000001,729.084,2.01,-1.4,0.28330424665503195,0.6011560693641617,0.10238293066326386
ALA-LEU-PHE,1271.627,641.293,1.98,-2.46,0.22164048865619546,0.5838150289017341,0.07554394148758227
GLU-PRO-GLY,1091.066,851.566,1.28,4.92,0.6509598603839442,0.17919075144508673,0.020901881981655605
ARG-GLU-CYS,1428.821,1050.173,1.36,5.42,0.6800465386852822,0.22543352601156075,0.03456015187077131
ASN-PRO-MET,1255.78,828.3560000000001,1.51,0.31999999999999995,0.3833624200116347,0.31213872832369943,0.03735122512459243
TRP-CYS-ILE,1442.2879999999998,711.918,2.02,-3.23,0.17684700407213494,0.6069364161849711,0.06514545156521394
TYR-GLU-LYS,1546.8339999999994,860.325,1.79,5.72,0.6974985456660849,0.4739884393063584,0.1567035390777759
GLN-TRP-PRO,1522.9620000000002,839.4789999999997,1.81,-1.1799999999999995,0.2961023851076207,0.4855491329479769,0.06980849441409241
PHE-HIS-ILE,1615.78,815.317,1.98,-2.72,0.20651541593949974,0.5838150289017341,0.07038871188475514
TYR-TRP-ILE,1673.279,759.721,2.2,-3.92,0.13670738801628854,0.7109826589595376,0.06910508447654214
GLU-GLU-ILE,1317.4589999999996,1306.443,1.0,6.14,0.7219313554392089,0.017341040462427758,0.00021709319385722508
LYS-GLU-MET,1422.2479999999994,1007.681,1.41,5.76,0.6998254799301921,0.2543352601156069,0.04526920809732537
GLN-CYS-ILE,1254.299,807.0110000000003,1.55,-0.3700000000000001,0.34322280395578825,0.3352601156069364,0.03857801839377432
GLN-SER-PRO,1235.443,776.1060000000001,1.59,1.37,0.4444444444444445,0.35838150289017345,0.05708324516169753
ALA-GLU-TYR,1325.3429999999996,843.808,1.57,3.42,0.5636998254799302,0.3468208092485549,0.0678044495882839
LYS-TRP-SER,1614.29,863.422,1.86,1.17,0.4328097731239093,0.5144508670520231,0.11454730237944752
LYS-TRP-ALA,1499.596,852.008,1.76,1.21,0.4351367073880163,0.4566473988439306,0.09073768554942062
LYS-TRP-TYR,1864.296,898.067,2.07,0.0,0.3647469458987784,0.6358381502890171,0.14746359869608794
CYS-TRP-GLU,1568.2079999999999,869.268,1.8,1.52,0.4531704479348458,0.4797687861271676,0.10430990730806752
LYS-GLU-GLU,1405.096,1331.382,1.05,10.06,0.9499709133216988,0.04624277456647402,0.0020314122908412845
LYS-TRP-LEU,1658.3120000000001,855.913,1.93,-0.54,0.33333333333333337,0.5549132947976878,0.1026429215810752
PRO-SER-TRP,1482.098,730.9169999999997,2.02,-1.4899999999999998,0.2780686445607912,0.6069364161849711,0.10243265081635612
PRO-SER-ASP,1219.7060000000001,863.5360000000003,1.41,4.24,0.6114019778941245,0.2543352601156069,0.03954940790547711
PRO-SER-ASN,1213.237,772.801,1.56,1.4500000000000002,0.44909831297265856,0.3410404624277457,0.052233994702723927
PRO-THR-TYR,1418.246,707.6289999999997,2.0,-0.31999999999999995,0.3461314717859221,0.5953757225433526,0.12269400194382862
SER-GLY-PHE,1255.886,659.99,1.9,-0.10000000000000007,0.35892961023851083,0.53757225433526,0.10372488886875199
ILE-GLY-PHE,1250.5430000000001,604.826,2.06,-1.6800000000000002,0.2670157068062827,0.630057803468208,0.1059979823103159
CYS-GLY-ASP,1050.529,906.823,1.15,4.77,0.6422338568935428,0.10404624277456642,0.00695258009400607
GLU-GLY-PHE,1315.612,859.48,1.53,3.0699999999999994,0.5433391506689936,0.3236994219653179,0.05693179112225481
LEU-GLY-PHE,1248.559,651.367,1.91,-1.81,0.2594531704479348,0.5433526011560693,0.07659889117838724
CYS-ARG-PHE,1604.162,939.585,1.7,0.08000000000000007,0.3694008144269925,0.4219653179190751,0.065773562099684
PHE-THR-TRP,1571.149,783.985,2.0,-3.55,0.15823152995927867,0.5953757225433526,0.05608868660289309
PHE-THR-SER,1356.621,695.31,1.95,-1.0,0.3065735892961024,0.5664739884393063,0.09837725121453328
TYR-THR-THR,1357.89,707.558,1.91,-0.21,0.3525305410122164,0.5433526011560693,0.10407831402265176
ARG-THR-THR,1343.6770000000001,1010.5989999999999,1.32,2.31,0.4991273996509599,0.20231213872832374,0.02042938503031929
HIS-THR-THR,1361.1729999999998,759.1460000000003,1.79,0.61,0.4002326934264108,0.4739884393063584,0.08991829431652196
SER-GLY-TRP,1324.389,624.455,2.12,-0.48,0.3368237347294939,0.6647398843930635,0.14883537344373535
SER-HIS-TYR,1643.144,814.137,2.01,-0.1399999999999999,0.35660267597440376,0.6011560693641617,0.1288721488636155
PHE-HIS-TRP,1828.414,855.665,2.13,-3.69,0.15008726003490402,0.6705202312138727,0.06747883895317812
SER-HIS-MET,1461.297,734.789,1.98,-0.09999999999999998,0.35892961023851083,0.5838150289017341,0.12233756403632093
SER-LYS-TRP,1648.872,905.3480000000001,1.82,1.17,0.4328097731239093,0.4913294797687861,0.10448229512580587
SER-THR-TRP,1456.53,713.668,2.04,-1.38,0.2844677137870855,0.6184971098265896,0.10881990227365904
SER-ARG-TRP,1682.839,920.632,1.82,0.18000000000000016,0.3752181500872601,0.4913294797687861,0.09057940908083978
SER-LEU-TRP,1481.75,654.3480000000002,2.26,-2.88,0.1972076788830716,0.7456647398843929,0.10965060591042773
HIS-GLY-TRP,1448.639,818.4,1.77,-0.8299999999999998,0.3164630599185573,0.4624277456647399,0.06767227717193247
TYR-GLY-TRP,1419.664,724.712,1.95,-1.65,0.26876090750436304,0.5664739884393063,0.08624343465107093
PHE-GLY-TRP,1418.8039999999999,731.9019999999997,1.93,-2.65,0.21058755090168704,0.5549132947976878,0.06484596441945763
SER-GLY-MET,1050.974,676.48,1.55,0.9399999999999998,0.41942990110529377,0.3352601156069364,0.047143646206629294
SER-GLY-TYR,1257.7269999999999,675.352,1.86,0.8999999999999999,0.4171029668411868,0.5144508670520231,0.11039034382535468
LEU-GLY-TRP,1317.948,667.765,1.97,-2.19,0.237347294938918,0.5780346820809248,0.07930344981085835
SER-GLY-VAL,995.1410000000001,591.711,1.68,1.15,0.43164630599185577,0.41040462427745655,0.07270303145794861
SER-TRP-TRP,1781.736,786.823,2.26,-3.72,0.14834205933682373,0.7456647398843929,0.08248054426890583
SER-TYR-TRP,1701.131,723.571,2.35,-2.34,0.2286212914485166,0.7976878612716762,0.14547308210583546
PRO-GLY-TRP,1347.088,637.514,2.11,-0.7999999999999998,0.3182082606166376,0.6589595375722542,0.13817483226883026
TRP-GLY-TRP,1469.0970000000002,741.543,1.98,-3.03,0.18848167539267016,0.5838150289017341,0.064242091973692
PHE-GLY-ILE,1195.552,635.206,1.88,-1.6800000000000002,0.2670157068062827,0.5260115606936415,0.07388008513691825
PHE-GLU-ILE,1431.0710000000001,872.9830000000003,1.63,0.7999999999999998,0.4112856311809192,0.3815028901734103,0.059860343126201435
GLN-GLN-TYR,1525.409,950.635,1.6,0.8300000000000001,0.41303083187899947,0.3641618497109827,0.05477360993443648
TRP-GLU-HIS,1679.775,986.3510000000001,1.7,1.65,0.4607329842931938,0.4219653179190751,0.08203568690228305
GLN-ARG-ASN,1460.4520000000002,1426.652,1.02,3.43,0.564281559045957,0.028901734104046263,0.00047135016125326437
GLN-CYS-PHE,1469.594,796.347,1.84,-0.96,0.3089005235602094,0.5028901734104047,0.07812048724739301
TYR-GLU-ARG,1598.382,910.903,1.75,4.73,0.6399069226294358,0.4508670520231213,0.1300809822338697
CYS-GLU-LEU,1264.254,904.955,1.39,2.36,0.5020360674810936,0.2427745664739884,0.029589749842515577
PHE-GLU-LEU,1439.781,847.382,1.69,0.6699999999999999,0.4037230948225713,0.41618497109826585,0.06992884906145241
GLY-GLY-TRP,1170.654,625.0219999999998,1.87,0.21,0.3769633507853403,0.5202312138728323,0.10202155572726307
SER-MET-TRP,1531.193,736.3860000000003,2.07,-2.3,0.2309482257126237,0.6358381502890171,0.09337009359225984
GLN-GLY-TRP,1380.394,755.304,1.82,-0.16999999999999993,0.3548574752763235,0.4913294797687861,0.08566424734777096
THR-GLY-TRP,1320.398,659.893,2.0,-0.69,0.324607329842932,0.5953757225433526,0.11506429089858215
VAL-ILE-CYS,1195.491,653.8380000000002,1.82,-1.6,0.2716695753344968,0.4913294797687861,0.06558230083837546
VAL-GLY-LEU,1018.979,604.513,1.68,-0.56,0.3321698662012798,0.41040462427745655,0.055948020165079035
VAL-GLY-ALA,837.033,545.79,1.53,1.19,0.4339732402559628,0.3236994219653179,0.04547228712762536
VAL-GLY-GLU,1078.78,852.2460000000003,1.26,4.32,0.6160558464223387,0.1676300578034682,0.017311068423308054
LYS-GLY-CYS,1162.799,849.1060000000001,1.36,3.93,0.5933682373472949,0.22543352601156075,0.030155136790578907
VAL-THR-CYS,1190.395,653.63,1.82,-0.23,0.3513670738801629,0.4913294797687861,0.08482164819353058
MET-ALA-ARG,1249.4589999999996,929.8910000000001,1.34,1.64,0.4601512507271671,0.21387283236994226,0.021048049124444246
MET-ALA-PHE,1280.5739999999996,688.814,1.85,-1.88,0.25538103548574753,0.5086705202312138,0.06607874432161544
MET-ALA-TRP,1335.1970000000001,666.087,2.0,-2.26,0.2332751599767307,0.5953757225433526,0.08268957105794164
MET-HIS-ARG,1677.3570000000002,1029.674,1.62,1.25,0.43746364165212337,0.3757225433526012,0.061755617828200784
MET-ALA-TYR,1290.788,691.173,1.86,-0.88,0.3135543920884235,0.5144508670520231,0.08298520965392771
PHE-ALA-ARG,1359.11,871.8330000000003,1.55,0.6000000000000001,0.399650959860384,0.3352601156069364,0.04492050616359823
ALA-ALA-ARG,1049.4189999999999,872.318,1.2,2.81,0.5282140779522979,0.13294797687861268,0.00933627074866402
TYR-ALA-ARG,1358.224,889.342,1.52,1.6,0.4578243164630599,0.3179190751445087,0.0462734657790356
PRO-ALA-ARG,1241.622,876.337,1.41,2.45,0.5072716695753345,0.2543352601156069,0.03281359057428738
MET-THR-ARG,1419.545,1051.152,1.35,1.39,0.4456079115764981,0.21965317919075147,0.02149947623764454
PRO-GLU-TYR,1497.661,898.426,1.66,3.06,0.5427574171029669,0.3988439306358381,0.0863399399521275
PRO-TYR-TYR,1645.98,755.0989999999997,2.17,-1.2799999999999998,0.2902850494473532,0.6936416184971097,0.13966736984335876
PRO-PRO-TYR,1423.2720000000006,684.799,2.07,-0.43,0.3397324025596277,0.6358381502890171,0.13735046513319835
PRO-GLU-PHE,1491.628,842.245,1.77,2.06,0.484584060500291,0.4624277456647399,0.1036231744195216
LYS-GLU-TYR,1611.6629999999998,884.0189999999999,1.82,5.72,0.6974985456660849,0.4913294797687861,0.1683793976557006
PRO-LEU-TYR,1440.0739999999994,697.4,2.06,-1.82,0.2588714368819081,0.630057803468208,0.10276492838363956
PRO-ASP-TYR,1458.19,776.201,1.87,3.0700000000000003,0.5433391506689936,0.5202312138728323,0.1470495880389872
TRP-GLU-TYR,1699.646,913.048,1.86,0.8300000000000001,0.41303083187899947,0.5144508670520231,0.10931261382984914
TRP-LYS-TYR,1805.796,951.05,1.89,0.0,0.3647469458987784,0.5317919075144507,0.10315139664162712
TRP-PHE-TYR,1884.013,811.55,2.32,-4.51,0.10238510762070972,0.7803468208092483,0.06234650627777185
TRP-GLN-TYR,1695.94,867.309,1.95,-2.03,0.24665503199534616,0.5664739884393063,0.07914981881396987
TRP-CYS-TYR,1653.744,780.788,2.11,-2.82,0.2006980802792321,0.6589595375722542,0.0871486602061178
TRP-HIS-TYR,1900.786,889.9760000000001,2.13,-2.6899999999999995,0.20826061663758005,0.6705202312138727,0.09363342769472004
TRP-GLU-ILE,1508.553,850.992,1.77,0.4199999999999999,0.3891797556719023,0.4624277456647399,0.08322197321327722
TRP-GLU-PHE,1688.224,920.123,1.83,-0.16999999999999993,0.3548574752763235,0.4971098265895954,0.0876917333403618
MET-GLU-TYR,1514.812,894.828,1.69,2.25,0.4956369982547994,0.41618497109826585,0.08584924985642284
PHE-ILE-CYS,1361.875,654.138,2.08,-2.85,0.19895287958115185,0.6416184971098265,0.08190378660561233
HIS-CYS-TYR,1582.596,812.312,1.94,-0.62,0.3286794648051193,0.5606936416184971,0.1033293823499404
LEU-PHE-CYS,1430.214,683.355,2.09,-2.98,0.191390343222804,0.6473988439306357,0.0802165279624061
GLY-SER-CYS,1038.826,644.003,1.61,1.59,0.4572425828970332,0.3699421965317921,0.06257695277310463
CYS-PHE-CYS,1429.68,634.438,2.25,-1.75,0.2629435718440954,0.7398843930635838,0.14394291426688693
PHE-CYS-ALA,1240.345,625.105,1.98,-1.23,0.2931937172774869,0.5838150289017341,0.09993214307018757
GLN-VAL-CYS,1240.0,791.6460000000003,1.56,0.29,0.3816172193135544,0.3410404624277457,0.044385363374335365
GLN-GLU-PHE,1531.138,1063.446,1.43,2.6900000000000004,0.5212332751599769,0.26589595375722536,0.0368515356423038
LEU-GLN-TYR,1485.021,819.2510000000003,1.81,-1.19,0.295520651541594,0.4855491329479769,0.06967134609500776
TRP-TYR-PRO,1657.54,736.086,2.25,-2.66,0.2100058173356603,0.7398843930635838,0.11496325674855352
VAL-CYS-VAL,1171.9560000000001,627.243,1.86,-0.94,0.3100639906922629,0.5144508670520231,0.08206144108635152
TRP-PHE-PRO,1644.068,751.668,2.18,-3.66,0.15183246073298431,0.6994219653179191,0.07427508629060857
VAL-HIS-TYR,1648.639,774.43,2.12,-1.06,0.3030831878999418,0.6647398843930635,0.1339261305080935
GLY-GLN-ALA,894.835,812.5110000000003,1.1,2.42,0.5055264688772543,0.07514450867052029,0.002854554887909924
ASN-GLN-THR,1246.775,1137.0,1.09,1.87,0.4735311227457825,0.06936416184971103,0.00227834146397784
VAL-SER-HIS,1390.49,722.066,1.92,0.11,0.3711460151250728,0.5491329479768785,0.11191796540157642
LEU-GLN-HIS,1487.398,847.898,1.75,-0.37,0.34322280395578825,0.4508670520231213,0.06977070865271193
VAL-ALA-PRO,993.005,591.094,1.67,0.18,0.3752181500872601,0.4046242774566473,0.06143101792333769
PHE-MET-ASN,1449.24,828.6239999999997,1.74,-1.5299999999999998,0.2757417102966841,0.4450867052023121,0.0546250325887614
LYS-GLY-PHE,1370.115,835.4889999999997,1.63,2.24,0.4950552646887726,0.3815028901734103,0.07205254879829905
PHE-ASP-HIS,1560.727,919.7310000000001,1.69,2.04,0.4834205933682373,0.41618497109826585,0.08373324721911664
PHE-MET-PRO,1387.552,704.332,1.97,-2.24,0.23443862710878416,0.5780346820809248,0.07833159380827429
LYS-GLY-GLY,998.528,887.0,1.12,5.1,0.6614310645724258,0.0867052023121388,0.004972501237221292
ARG-ILE-ASN,1397.977,1210.317,1.15,1.54,0.4543339150668994,0.10404624277456642,0.0049184466063575535
PHE-GLU-TYR,1616.41,894.018,1.8,1.21,0.4351367073880163,0.4797687861271676,0.1001589353869506
VAL-PHE-ASN,1439.481,790.628,1.82,-1.3199999999999998,0.28795811518324604,0.4913294797687861,0.06951443022483053
PHE-ARG-ILE,1575.7720000000006,892.5139999999999,1.76,-1.02,0.3054101221640489,0.4566473988439306,0.06368620977733401
CYS-SER-TRP,1446.309,698.498,2.07,-1.65,0.26876090750436304,0.6358381502890171,0.10865738851290688
TYR-GLY-PHE,1364.725,667.706,2.04,-1.27,0.2908667830133799,0.6184971098265896,0.11126779373584772
GLY-SER-PHE,1252.685,659.878,1.89,-0.10000000000000007,0.35892961023851083,0.5317919075144507,0.10150623880045287
VAL-GLN-PHE,1480.2579999999994,735.571,2.01,-1.4,0.28330424665503195,0.6011560693641617,0.10238293066326386
CYS-GLU-GLN,1313.271,1248.39,1.05,4.38,0.6195462478184991,0.04624277456647402,0.0013248341027225767
LYS-GLY-VAL,1148.726,814.8789999999997,1.4,3.49,0.5677719604421175,0.2485549132947976,0.0350766933361447
PRO-GLY-GLU,1100.438,836.018,1.31,4.92,0.6509598603839442,0.19653179190751446,0.025143158762532643
ASP-PHE-PHE,1661.953,858.45,1.93,0.2200000000000002,0.3775450843513671,0.5549132947976878,0.11625699145919338
PHE-SER-PHE,1510.8,665.944,2.26,-2.96,0.19255381035485747,0.7456647398843929,0.10706298099218754
PHE-MET-TYR,1594.1570000000006,778.294,2.04,-3.09,0.1849912739965096,0.6184971098265896,0.07076631681599914
PHE-THR-PHE,1516.381,722.6569999999997,2.09,-3.17,0.18033740546829552,0.6473988439306357,0.07558396251776868
PHE-MET-ALA,1272.31,646.35,1.96,-1.88,0.25538103548574753,0.5722543352601155,0.08363091078204453
LEU-MET-PHE,1466.44,728.688,2.01,-3.63,0.15357766143106458,0.6011560693641617,0.05550121908645105
ASP-MET-PHE,1491.602,874.2739999999999,1.7,1.2600000000000002,0.4380453752181501,0.4219653179190751,0.07799605080482214
CYS-ASP-ALA,1058.548,901.737,1.17,4.12,0.6044211751018035,0.11560693641618493,0.008078067093478606
CYS-TYR-TYR,1652.4779999999994,788.672,2.09,-1.44,0.280977312390925,0.6473988439306357,0.11776468998736216
CYS-ILE-ALA,1046.697,616.206,1.69,-0.6400000000000001,0.3275159976730657,0.41618497109826585,0.05672902308587565
THR-TYR-ALA,1278.9560000000001,673.834,1.89,0.040000000000000036,0.3670738801628855,0.5317919075144507,0.10380945977809686
CYS-TYR-THR,1415.854,684.06,2.06,-0.48,0.3368237347294939,0.630057803468208,0.1337098731103985
THR-HIS-TYR,1654.06,781.415,2.11,-0.35,0.3443862710878418,0.6589595375722542,0.14954204881745434
VAL-MET-TYR,1462.266,703.565,2.07,-1.84,0.2577079697498546,0.6358381502890171,0.10418879461302544
VAL-PRO-TYR,1403.48,693.173,2.02,-1.03,0.3048283885980221,0.6069364161849711,0.11229018625056612
VAL-ILE-TYR,1425.781,671.937,2.12,-2.29,0.2315299592786504,0.6647398843930635,0.10230825324802537
VAL-GLU-TYR,1488.149,869.7589999999999,1.71,2.46,0.5078534031413614,0.4277456647398844,0.09292008538882336
VAL-PHE-TYR,1638.588,687.811,2.38,-2.88,0.1972076788830716,0.8150289017341039,0.13099956109039207
THR-TYR-TYR,1652.385,773.919,2.13,-1.17,0.2966841186736475,0.6705202312138727,0.1333884025818637
GLY-HIS-TYR,1495.6989999999994,729.682,2.04,0.55,0.3967422920302502,0.6184971098265896,0.1517692706556963
THR-GLN-TYR,1475.266,777.1039999999997,1.89,0.31000000000000005,0.382780686445608,0.5317919075144507,0.1082513859492674
THR-TRP-TYR,1730.974,740.944,2.33,-2.55,0.21640488656195464,0.7861271676300577,0.13373733776103153
THR-ALA-TYR,1255.393,685.132,1.83,0.040000000000000036,0.3670738801628855,0.4971098265895954,0.09071062907830868
LEU-HIS-TYR,1663.7879999999998,778.832,2.13,-1.85,0.25712623618382785,0.6705202312138727,0.11560328223761525
TYR-TRP-LYS,1805.0479999999998,939.076,1.92,0.0,0.3647469458987784,0.5491329479768785,0.10998834530844576
TYR-TYR-LYS,1734.118,906.361,1.91,1.38,0.4450261780104712,0.5433526011560693,0.13138599047413954
TYR-GLY-LYS,1328.747,800.265,1.66,3.24,0.5532286212914486,0.3988439306358381,0.08800566226631648
TYR-HIS-LYS,1732.765,971.537,1.78,2.2,0.4927283304246655,0.4682080924855491,0.10801532212623978
TYR-GLU-TRP,1652.7679999999998,924.0369999999999,1.78,0.8300000000000001,0.41303083187899947,0.4682080924855491,0.090544130707946
GLU-GLU-LYS,1443.735,1315.814,1.09,10.06,0.9499709133216988,0.06936416184971103,0.00457067765439289
TYR-GLU-MET,1470.4720000000002,919.087,1.59,2.25,0.4956369982547994,0.35838150289017345,0.06365827863581976
TYR-GLN-LYS,1553.443,987.13,1.57,2.86,0.5311227457824317,0.3468208092485549,0.06388592618586501
ALA-GLU-LYS,1243.387,967.0,1.28,6.93,0.7678883071553231,0.17919075144508673,0.024656375527958355
TYR-GLU-TYR,1600.713,902.347,1.77,2.21,0.4933100639906923,0.4624277456647399,0.10548913794448296
TYR-ASP-LYS,1515.644,843.171,1.79,5.73,0.6980802792321118,0.4739884393063584,0.1568342342730034
TYR-GLU-PHE,1591.045,917.622,1.73,1.21,0.4351367073880163,0.4393063583815029,0.08397706645304492
THR-GLU-LYS,1388.092,958.675,1.44,6.68,0.7533449680046539,0.27167630057803466,0.055602894661441415
MET-GLU-LYS,1439.3339999999994,1004.616,1.43,5.76,0.6998254799301921,0.26589595375722536,0.049478122073316366
TYR-ILE-LYS,1494.891,870.204,1.71,0.9699999999999998,0.4211751018033741,0.4277456647398844,0.0770608726477756
THR-MET-TYR,1468.292,740.6610000000003,1.98,-1.13,0.2990110529377545,0.5838150289017341,0.10191492368665957
THR-THR-TYR,1420.8329999999999,718.575,1.97,-0.21,0.3525305410122164,0.5780346820809248,0.11778894751318665
THR-HIS-LEU,1437.442,772.7310000000001,1.86,-0.89,0.31297265852239675,0.5144508670520231,0.08283124822599837
THR-GLU-TYR,1473.09,878.0010000000003,1.67,3.17,0.5491564863292613,0.4046242774566473,0.08990834251105548
THR-ASP-TYR,1449.999,835.416,1.73,3.18,0.5497382198952879,0.4393063583815029,0.10609402112049128
THR-HIS-MET,1470.045,755.948,1.94,-0.31000000000000005,0.3467132053519488,0.5606936416184971,0.10899878208949464
ASP-HIS-TYR,1681.912,903.745,1.86,3.04,0.5415939499709134,0.5144508670520231,0.1433380894022388
TYR-GLU-SER,1416.935,850.68,1.66,3.38,0.5613728912158231,0.3988439306358381,0.08930122406624119
TRP-GLU-LYS,1631.616,921.188,1.77,4.34,0.6172193135543922,0.4624277456647399,0.13198581999893447
TYR-PHE-LYS,1736.849,865.569,2.0,0.3799999999999999,0.3868528214077953,0.5953757225433526,0.13712859040780845
TYR-ALA-LYS,1325.311,819.7130000000003,1.61,2.59,0.5154159394997092,0.3699421965317921,0.07053839714627315
PHE-GLU-LYS,1564.382,891.14,1.75,4.72,0.639325189063409,0.4508670520231213,0.12996272679547527
CYS-GLU-LYS,1406.313,930.723,1.51,6.41,0.7376381617219314,0.31213872832369943,0.07186851814564978
TYR-GLU-ASN,1446.8329999999999,1109.276,1.3,3.77,0.5840605002908668,0.1907514450867052,0.0212516918312257
ALA-TRP-SER,1326.936,696.99,1.9,-1.13,0.2990110529377545,0.53757225433526,0.08640938878207216
PHE-ALA-CYS,1195.1889999999999,678.323,1.76,-1.23,0.2931937172774869,0.4566473988439306,0.06113876138624062
MET-PRO-PHE,1434.856,696.179,2.06,-2.24,0.23443862710878416,0.630057803468208,0.09306576660361067
ALA-MET-SER,1063.0819999999999,696.5089999999999,1.52,0.29,0.3816172193135544,0.3179190751445087,0.03857102103055572
PHE-PRO-VAL,1327.931,644.556,2.06,-2.03,0.24665503199534616,0.630057803468208,0.09791534749362517
GLN-PRO-ILE,1248.986,799.928,1.56,-0.21000000000000008,0.3525305410122164,0.3410404624277457,0.04100233262934029
ASN-PRO-VAL,1192.978,746.0980000000003,1.59,0.53,0.3955788248981967,0.35838150289017345,0.050807076845489935
GLY-TYR-CYS,1264.9389999999999,684.9739999999998,1.84,0.4199999999999999,0.3891797556719023,0.5028901734104047,0.09842298675801492
ALA-LYS-GLN,1253.316,1142.007,1.09,4.07,0.6015125072716696,0.06936416184971103,0.002894109427215093
LEU-PRO-LEU,1205.9460000000001,667.482,1.8,-2.36,0.2274578243164631,0.4797687861271676,0.05235580713408782
GLU-VAL-CYS,1255.888,856.9989999999997,1.46,3.15,0.5479930191972078,0.28323699421965315,0.04396175077992902
GLU-VAL-PHE,1462.34,852.3810000000003,1.71,1.46,0.4496800465386853,0.4277456647398844,0.08227631844852283
PHE-VAL-CYS,1350.986,714.092,1.89,-2.19,0.237347294938918,0.5317919075144507,0.06712243991991049
HIS-VAL-CYS,1376.0970000000002,761.216,1.8,-0.3700000000000001,0.34322280395578825,0.4797687861271676,0.07900236882125783
ASP-VAL-CYS,1220.7,839.5830000000003,1.45,3.16,0.5485747527632345,0.2774566473988439,0.04223048649692579
GLU-PHE-CYS,1477.975,844.715,1.74,1.9,0.4752763234438628,0.4450867052023121,0.09415327347050224
GLU-VAL-GLN,1296.607,1170.89,1.1,3.94,0.5939499709133217,0.07514450867052029,0.003353855627797505
PRO-VAL-CYS,1196.3039999999999,627.398,1.9,-0.34,0.34496800465386857,0.53757225433526,0.09969020923690426
PRO-PHE-PHE,1644.427,687.128,2.39,-3.28,0.17393833624200114,0.8208092485549133,0.11718709652790645
SER-PHE-PHE,1638.497,700.704,2.33,-2.96,0.19255381035485747,0.7861271676300577,0.11899746988951998
LYS-PHE-PHE,1762.196,889.9119999999997,1.98,-0.6200000000000001,0.3286794648051193,0.5838150289017341,0.11202710483066662
ILE-PHE-PHE,1638.481,747.664,2.19,-4.54,0.10063990692262942,0.7052023121387282,0.05004926240891496
ASP-SER-PHE,1433.9920000000006,865.431,1.65,2.390000000000001,0.503781268179174,0.3930635838150288,0.07783369254103042
ASP-LEU-PHE,1452.265,810.9960000000003,1.79,0.6800000000000002,0.4043048283885981,0.4739884393063584,0.09083316068311448
CYS-PHE-PHE,1635.309,689.96,2.37,-3.44,0.16463059918557302,0.8092485549132947,0.107813817502664
THR-PHE-PHE,1643.082,726.7560000000003,2.26,-3.17,0.18033740546829552,0.7456647398843929,0.10027046558180706
CYS-PHE-PRO,1390.7320000000002,647.678,2.14,-1.59,0.2722513089005236,0.6763005780346821,0.12452297662933165
LEU-PHE-PHE,1635.391,693.909,2.35,-4.67,0.09307737056428153,0.7976878612716762,0.05922568228227398
CYS-PHE-SER,1408.118,690.758,2.03,-1.27,0.2908667830133799,0.6127167630057802,0.10919774045034364
ASP-TRP-PHE,1752.2279999999994,858.1310000000003,2.04,-0.1599999999999997,0.3554392088423502,0.6184971098265896,0.1359692439452059
ASP-PHE-TYR,1668.0279999999998,848.557,1.96,1.2200000000000002,0.4357184409540431,0.5722543352601155,0.14268690700626732
ASP-PHE-PRO,1418.215,849.7180000000003,1.66,2.0700000000000003,0.4851657940663177,0.3988439306358381,0.07717846722408825
ASP-PHE-SER,1431.39,813.6510000000003,1.75,2.39,0.503781268179174,0.4508670520231213,0.10240920964957376
ALA-PHE-PHE,1482.335,670.882,2.2,-2.92,0.1948807446189645,0.7109826589595376,0.09851150340273028
CYS-HIS-PHE,1661.69,781.7189999999997,2.12,-1.62,0.2705061082024433,0.6647398843930635,0.11953099939781855
CYS-SER-PHE,1396.602,675.4060000000002,2.06,-1.27,0.2908667830133799,0.630057803468208,0.1154662116670108
GLN-PHE-PHE,1667.1370000000006,819.9639999999997,2.03,-2.65,0.21058755090168704,0.6127167630057802,0.07905916408604878
THR-TRP-GLU,1556.2939999999999,887.248,1.75,1.79,0.4688772542175683,0.4508670520231213,0.09531388334590817
THR-SER-PHE,1405.9029999999998,690.784,2.03,-1.0,0.3065735892961024,0.6127167630057802,0.1150944184346622
THR-TYR-ARG,1617.476,939.383,1.72,1.35,0.4432809773123909,0.4335260115606936,0.08331235582151754
PRO-PHE-GLU,1498.8629999999994,899.947,1.66,2.06,0.484584060500291,0.3988439306358381,0.07708592709552221
PHE-CYS-TYR,1554.2679999999998,691.8510000000001,2.24,-2.44,0.222803955788249,0.7341040462427746,0.1200710014670944
ILE-ASP-GLU,1294.849,1259.6,1.02,6.15,0.7225130890052357,0.028901734104046263,0.0006035225776046952
LEU-CYS-ILE,1201.87,653.788,1.83,-2.39,0.2257126236183828,0.4971098265895954,0.05577769268206618
ARG-CYS-SER,1361.4229999999998,949.827,1.43,2.25,0.4956369982547994,0.26589595375722536,0.035041862017012086
ALA-CYS-PHE,1265.022,632.376,2.0,-1.23,0.2931937172774869,0.5953757225433526,0.10392903694065482
SER-GLU-TYR,1468.716,872.122,1.68,3.38,0.5613728912158231,0.41040462427745655,0.0945531339042054
PRO-GLU-PRO,1249.106,826.955,1.51,3.91,0.5922047702152414,0.31213872832369943,0.05769885762797434
PRO-GLY-TYR,1284.856,632.746,2.03,0.5800000000000001,0.3984874927283305,0.6127167630057802,0.14960090441697074
GLY-GLU-TYR,1330.8629999999996,861.503,1.54,4.069999999999999,0.6015125072716696,0.3294797687861272,0.06529834395154048
TYR-HIS-PHE,1800.646,877.041,2.05,-2.31,0.23036649214659685,0.6242774566473986,0.08977896903999144
LYS-ASP-PHE,1559.305,873.928,1.78,4.73,0.6399069226294358,0.4682080924855491,0.14027963912498675
HIS-HIS-PHE,1818.495,919.167,1.97,-1.49,0.2780686445607912,0.5780346820809248,0.092909433847035
PHE-HIS-PHE,1802.0279999999998,844.938,2.13,-3.31,0.1721931355439209,0.6705202312138727,0.07741758267496404
LYS-LYS-PHE,1714.437,1119.656,1.53,3.89,0.591041303083188,0.3236994219653179,0.061930085417784685
LYS-CYS-PHE,1551.047,887.923,1.74,1.0699999999999998,0.4269924374636417,0.4450867052023121,0.08458813063322967
LYS-PRO-PHE,1543.0970000000002,886.811,1.74,1.23,0.43630017452006986,0.4450867052023121,0.08643201358981234
LYS-MET-PHE,1592.806,919.33,1.73,0.4199999999999999,0.3891797556719023,0.4393063583815029,0.0751078308249827
LYS-ASP-LYS,1505.5870000000002,1269.282,1.18,9.239999999999998,0.9022687609075044,0.1213872832369942,0.013294815181269312
LYS-ASP-TRP,1601.942,865.5060000000003,1.85,4.35,0.6178010471204188,0.5086705202312138,0.15985336325639088
LYS-SER-PHE,1525.583,829.6489999999999,1.83,1.5499999999999998,0.4549156486329262,0.4971098265895954,0.11241792700354578
LYS-LEU-TRP,1594.9489999999994,902.221,1.76,-0.54,0.33333333333333337,0.4566473988439306,0.06950894895697596
ILE-ASP-TRP,1498.211,835.7539999999997,1.79,0.43000000000000016,0.38976148923792897,0.4739884393063584,0.0875657808024269
SER-ASP-TRP,1489.5770000000002,813.7,1.83,2.0100000000000007,0.4816753926701572,0.4971098265895954,0.11903074623904847
VAL-ASP-TRP,1489.696,818.505,1.82,1.0900000000000003,0.4281559045956952,0.4913294797687861,0.10335882958681873
LYS-ASP-GLY,1192.714,983.091,1.21,7.59,0.8062827225130891,0.13872832369942195,0.015517352673578774
LYS-ASP-PRO,1342.3270000000002,891.298,1.5,6.579999999999999,0.7475276323443862,0.3063583815028901,0.0701595482393458
ASP-ASP-TRP,1526.481,1139.795,1.33,5.19,0.6666666666666669,0.20809248554913296,0.028868321694677426
HIS-ASP-PHE,1586.138,906.109,1.75,2.04,0.4834205933682373,0.4508670520231213,0.09827026930576883
LYS-TYR-PHE,1776.872,836.321,2.12,0.3799999999999999,0.3868528214077953,0.6647398843930635,0.17094218193451474
LYS-ASP-LEU,1362.076,882.302,1.54,5.19,0.6666666666666667,0.3294797687861272,0.07237127869290656
LYS-ALA-PHE,1363.4360000000001,820.3,1.66,1.59,0.4572425828970332,0.3988439306358381,0.0727365410529177
CYS-ASP-PHE,1432.896,827.694,1.73,1.91,0.4758580570098895,0.4393063583815029,0.09183588283234058
LYS-ASP-ALA,1193.475,962.7,1.23,6.94,0.7684700407213497,0.15028901734104044,0.0173572704576709
THR-TYR-PHE,1655.3429999999994,754.253,2.19,-2.17,0.2385107620709715,0.7052023121387282,0.11861385888817998
HIS-TYR-PHE,1815.463,877.0089999999999,2.07,-2.31,0.23036649214659685,0.6358381502890171,0.09313490443963447
PRO-TYR-PHE,1635.642,716.086,2.28,-2.28,0.23211169284467714,0.7572254335260113,0.13309060646555188
ASN-TYR-PHE,1660.156,812.956,2.04,-1.5699999999999998,0.2734147760325771,0.6184971098265896,0.10459172611169684
LYS-TYR-LEU,1581.629,880.158,1.79,0.8399999999999999,0.4136125654450262,0.4739884393063584,0.09292428380675452
LYS-TYR-ILE,1570.6170000000006,888.688,1.76,0.9699999999999998,0.4211751018033741,0.4566473988439306,0.08782631595959964
ALA-TYR-PHE,1479.2279999999994,704.426,2.09,-1.92,0.2530541012216405,0.6473988439306357,0.10606136675880444
TYR-TYR-PHE,1782.495,802.3560000000001,2.22,-3.13,0.18266433973240254,0.7225433526011561,0.09536337025355976
LYS-GLN-PHE,1599.852,956.555,1.67,1.86,0.4729493891797557,0.4046242774566473,0.07743165514988144
LYS-TYR-GLY,1427.001,825.959,1.72,3.24,0.5532286212914486,0.4335260115606936,0.10397644407646088
LYS-PHE-GLU,1599.514,907.144,1.76,4.72,0.639325189063409,0.4566473988439306,0.13331646580055248
TRP-TRP-GLU,1824.648,967.62,1.88,-0.5499999999999998,0.3327515997673066,0.5260115606936415,0.09206842853663888
LYS-PRO-GLU,1354.198,891.2639999999999,1.51,6.57,0.7469458987783596,0.31213872832369943,0.072775376418781
LYS-ILE-GLU,1359.5829999999999,906.341,1.5,5.31,0.6736474694589878,0.3063583815028901,0.06322549172074897
CYS-CYS-TRP,1470.034,737.158,1.99,-2.13,0.2408376963350785,0.5895953757225433,0.08372065196532315
HIS-GLN-CYS,1444.398,861.51,1.67,0.86,0.4147760325770797,0.4046242774566473,0.06790746632455777
CYS-HIS-CYS,1437.247,722.5419999999997,1.98,0.06999999999999999,0.3688190808609657,0.5838150289017341,0.12570829108432327
PHE-CYS-MET,1408.106,681.215,2.06,-2.4,0.22513089005235604,0.630057803468208,0.08937084783026636
ILE-SER-CYS,1201.619,684.38,1.75,-0.6800000000000002,0.3251890634089588,0.4508670520231213,0.0661047900624847
HIS-CYS-GLN,1431.299,873.077,1.63,0.86,0.4147760325770797,0.3815028901734103,0.06036835169587217
ALA-SER-CYS,1040.991,620.374,1.67,0.94,0.41942990110529377,0.4046242774566473,0.06866940143058367
CYS-LEU-CYS,1210.327,688.107,1.75,-1.29,0.2897033158813264,0.4508670520231213,0.05889120832042465
CYS-TRP-CYS,1506.552,676.182,2.22,-2.13,0.2408376963350785,0.7225433526011561,0.1257338703343113
GLY-ALA-CYS,849.8969999999997,572.294,1.48,1.63,0.4595695171611402,0.29479768786127164,0.03993919991099353
CYS-PRO-ALA,1034.848,624.808,1.65,0.62,0.4008144269924375,0.3930635838150288,0.061925420508972234
CYS-HIS-ALA,1286.1480000000001,710.867,1.8,0.59,0.3990692262943572,0.4797687861271676,0.09185699154471673
THR-PRO-ALA,1019.759,632.868,1.61,0.89,0.41652123327516,0.3699421965317921,0.05700394171188665
CYS-THR-ALA,1034.378,666.12,1.55,0.73,0.4072134962187319,0.3352601156069364,0.04577053029769835
CYS-TRP-ALA,1348.0929999999996,674.654,1.99,-1.61,0.2710878417684701,0.5895953757225433,0.09423628941024297
CYS-PRO-TYR,1410.2089999999994,711.222,1.98,-0.59,0.33042466550319954,0.5838150289017341,0.1126219390156082
CYS-PRO-HIS,1416.935,724.0880000000003,1.95,0.23,0.3781268179173939,0.5664739884393063,0.12133816563462364
CYS-PRO-MET,1222.652,677.405,1.8,-0.55,0.3327515997673066,0.4797687861271676,0.07659212706060928
CYS-PRO-PHE,1411.177,652.194,2.16,-1.59,0.2722513089005236,0.6878612716763006,0.1288165587002678
CYS-ALA-ALA,848.9019999999997,571.138,1.48,0.98,0.4217568353694009,0.29479768786127164,0.0366530632094561
MET-PRO-ALA,1071.66,650.572,1.64,-0.030000000000000027,0.3630017452006981,0.3872832369942196,0.0544460167130854
TYR-THR-ALA,1233.037,640.0169999999998,1.92,0.040000000000000036,0.3670738801628855,0.5491329479768785,0.11069002534231147
CYS-THR-VAL,1177.778,654.2280000000002,1.8,-0.23,0.3513670738801629,0.4797687861271676,0.08087700130176223
TRP-THR-ALA,1320.8270000000002,697.346,1.89,-1.34,0.2867946480511926,0.5317919075144507,0.08110628156989184
VAL-THR-ALA,1014.351,606.946,1.67,0.29,0.3816172193135544,0.4046242774566473,0.06247867869412329
CYS-THR-LYS,1342.8829999999996,894.545,1.5,3.03,0.5410122164048866,0.3063583815028901,0.050776949309409805
CYS-THR-GLN,1241.402,864.55,1.43,1.0,0.4229203025014544,0.26589595375722536,0.02990074376334248
GLY-THR-ALA,843.7080000000003,633.864,1.33,1.9,0.4752763234438628,0.20809248554913296,0.020580644698561475
CYS-THR-CYS,1203.25,669.113,1.79,0.21,0.3769633507853403,0.4739884393063584,0.08469048650742184
LEU-THR-ALA,1037.974,664.455,1.56,-0.5,0.3356602675974404,0.3410404624277457,0.039040174797243136
LEU-THR-PHE,1393.908,720.395,1.93,-2.71,0.20709714950552646,0.5549132947976878,0.06377116942907987
LEU-SER-ALA,1036.397,649.984,1.59,-0.29000000000000004,0.34787667248400234,0.35838150289017345,0.04468034110823968
LEU-TYR-ALA,1288.573,672.3889999999999,1.91,-1.46,0.27981384525887143,0.5433526011560693,0.0826100149255701
LEU-VAL-ALA,1033.91,600.543,1.72,-1.21,0.29435718440954045,0.4335260115606936,0.05532290294709695
PHE-THR-ALA,1227.7,667.186,1.84,-0.96,0.3089005235602094,0.5028901734104047,0.07812048724739301
LEU-THR-THR,1194.7089999999996,686.84,1.73,-0.75,0.3211169284467714,0.4393063583815029,0.061972380591017125
HIS-THR-ALA,1241.057,740.2639999999999,1.67,0.86,0.4147760325770797,0.4046242774566473,0.06790746632455777
LEU-THR-ARG,1395.1370000000006,993.173,1.4,0.81,0.411867364746946,0.2485549132947976,0.02544497836269513
GLY-TYR-PRO,1242.958,649.442,1.91,0.58,0.3984874927283305,0.5433526011560693,0.11764627905200735
GLU-TYR-ASP,1530.221,1234.754,1.23,6.5600000000000005,0.7463641652123328,0.15028901734104044,0.016857969717783316
ILE-TYR-ASP,1466.5970000000002,869.4889999999997,1.68,1.81,0.4700407213496219,0.41040462427745655,0.07916987792186317
GLY-TYR-ALA,1101.504,601.115,1.83,0.94,0.41942990110529377,0.4971098265895954,0.10364875366950957
GLY-CYS-ASP,1067.43,960.75,1.11,4.77,0.6422338568935428,0.08092485549132954,0.0042058817852629405
GLY-GLN-ASP,1106.53,1080.507,1.02,5.5600000000000005,0.6881908086096569,0.028901734104046263,0.0005748528255284657
PRO-GLN-TYR,1498.785,756.265,1.98,0.20000000000000007,0.3763816172193136,0.5838150289017341,0.12828590588573682
ILE-GLU-TYR,1500.461,855.462,1.75,1.7999999999999998,0.4694589877835952,0.4508670520231213,0.0954321387843026
PRO-GLU-GLN,1315.655,1106.538,1.18,4.54,0.6288539848749273,0.1213872832369942,0.0092660833081574
PRO-GLU-GLY,1095.003,846.428,1.29,4.92,0.6509598603839442,0.18497109826589608,0.02227214063393896
PRO-MET-TYR,1489.501,667.2639999999999,2.23,-1.24,0.2926119837114601,0.7283236994219653,0.15521761012406496
GLN-GLU-TYR,1537.442,1066.185,1.44,3.69,0.5794066317626528,0.27167630057803466,0.042764851801386616
PRO-GLU-ILE,1260.049,854.295,1.47,2.65,0.5189063408958697,0.2890173410404624,0.04334477771524856
VAL-TYR-PHE,1652.1689999999999,709.0139999999999,2.33,-2.88,0.1972076788830716,0.7861271676300577,0.12187354166932712
SER-TYR-PHE,1642.4129999999998,729.581,2.25,-1.96,0.25072716695753344,0.7398843930635838,0.13725530099342534
CYS-TYR-PHE,1643.4270000000001,719.42,2.28,-2.44,0.222803955788249,0.7572254335260113,0.12775363979024154
LYS-TYR-PRO,1538.266,886.303,1.73,2.23,0.4944735311227458,0.4393063583815029,0.09542848460573287
ARG-HIS-LEU,1626.139,987.3989999999999,1.64,0.6700000000000002,0.4037230948225713,0.3872832369942196,0.06055374294692512
ASP-ILE-HIS,1455.376,939.878,1.54,2.63,0.5177428737638161,0.3294797687861272,0.056204570712641205
ARG-TRP-CYS,1675.5410000000006,945.824,1.77,-0.2999999999999998,0.3472949389179756,0.4624277456647399,0.07426534829346265
PHE-ILE-PHE,1525.3,686.8510000000001,2.22,-4.54,0.10063990692262942,0.7225433526011561,0.05254096513970012
TRP-ILE-PHE,1602.7520000000006,768.053,2.08,-4.92,0.07853403141361255,0.6416184971098265,0.03233044208116275
TYR-ILE-THR,1364.444,721.187,1.89,-1.58,0.2728330424665503,0.5317919075144507,0.07715790275107356
ARG-GLU-LEU,1440.3529999999994,995.5060000000001,1.44,4.19,0.6084933100639908,0.27167630057803466,0.044911681711094775
MET-GLU-ASP,1317.485,1311.573,1.0,6.6,0.7486910994764399,0.017341040462427758,0.000225140161558621
ILE-ILE-ARG,1407.3729999999994,938.5989999999999,1.49,-0.43000000000000016,0.3397324025596277,0.3005780346820809,0.03069385600993128
ARG-CYS-LYS,1551.536,1312.047,1.18,4.59,0.6317626527050612,0.1213872832369942,0.009308942157871355
SER-SER-TRP,1444.141,705.597,2.04,-1.17,0.2966841186736475,0.6184971098265896,0.11349314961056466
SER-CYS-TRP,1478.571,674.317,2.19,-1.65,0.26876090750436304,0.7052023121387282,0.13365756782033938
SER-ALA-TRP,1305.58,671.329,1.94,-1.13,0.2990110529377545,0.5606936416184971,0.09400230535906083
ASN-GLY-TRP,1338.75,753.1569999999997,1.77,-0.08999999999999986,0.35951134380453753,0.4624277456647399,0.07687769722840856
CYS-GLY-TRP,1320.454,635.737,2.07,-0.96,0.3089005235602094,0.6358381502890171,0.12488544004405533
SER-PRO-TRP,1455.013,720.4760000000001,2.01,-1.4899999999999998,0.2780686445607912,0.6011560693641617,0.10049084364895304
SER-GLY-ASN,1026.848,833.945,1.23,2.46,0.5078534031413614,0.15028901734104044,0.011470777524259422
SER-GLY-THR,1000.09,603.115,1.65,1.86,0.4729493891797557,0.3930635838150288,0.07307019865572485
SER-PHE-TRP,1704.871,759.9839999999997,2.24,-3.34,0.17044793484584062,0.7341040462427746,0.0918558836288738
SER-GLY-GLN,1052.733,899.87,1.16,2.38,0.5031995346131471,0.10982658959537568,0.006069532292938153
PHE-SER-TYR,1528.519,722.924,2.11,-1.96,0.25072716695753344,0.6589595375722542,0.10887267405459934
TRP-SER-TYR,1620.406,782.321,2.07,-2.34,0.2286212914485166,0.6358381502890171,0.09242933698175848
LEU-SER-TYR,1401.233,729.591,1.92,-1.5,0.2774869109947644,0.5491329479768785,0.08367534403848267
ARG-SER-TYR,1568.277,944.956,1.65,1.56,0.455497382198953,0.3930635838150288,0.0703738813621557
PRO-ASN-TYR,1445.969,723.57,1.99,0.28,0.3810354857475277,0.5895953757225433,0.13245658704658614
PRO-SER-THR,1182.659,672.029,1.75,0.8500000000000001,0.4141942990110529,0.4508670520231213,0.08419787213683201
SER-SER-TYR,1402.058,717.818,1.95,0.21000000000000008,0.3769633507853403,0.5664739884393063,0.12096481743267093
PRO-SER-LEU,1197.317,685.1510000000002,1.74,-0.6499999999999999,0.32693426410703896,0.4450867052023121,0.06476638884996604
PRO-SER-ARG,1388.546,921.6569999999999,1.5,2.41,0.5049447353112275,0.3063583815028901,0.04739181935544915
ASP-SER-TYR,1425.265,863.815,1.64,3.390000000000001,0.56195462478185,0.3872832369942196,0.08428662202698799
ASP-LYS-TYR,1596.5379999999998,885.9830000000003,1.8,5.73,0.6980802792321118,0.4797687861271676,0.16068278404323627
ASP-TRP-TYR,1756.27,907.014,1.93,0.8400000000000003,0.4136125654450262,0.5549132947976878,0.12736320635976348
ASP-SER-ILE,1211.8980000000001,932.4730000000001,1.29,2.9800000000000004,0.5381035485747528,0.18497109826589608,0.018410840112952208
ASP-SER-HIS,1413.9,931.902,1.51,4.210000000000001,0.6096567771960443,0.31213872832369943,0.0593992168900954
ASP-SER-CYS,1214.553,966.982,1.25,4.080000000000001,0.6020942408376965,0.16184971098265896,0.015772056694736008
ASP-TYR-TYR,1671.9489999999994,873.816,1.91,2.22,0.4938917975567191,0.5433526011560693,0.14581268746737844
PHE-VAL-TYR,1529.531,697.456,2.19,-2.88,0.1972076788830716,0.7052023121387282,0.0980734101538854
PRO-VAL-PHE,1410.4260000000006,632.019,2.23,-2.03,0.24665503199534616,0.7283236994219653,0.1308394964067665
PRO-VAL-GLN,1246.1760000000004,780.422,1.59,0.45,0.3909249563699826,0.35838150289017345,0.05020934652966065
PRO-ARG-TYR,1626.84,929.87,1.74,1.2400000000000002,0.4368819080860966,0.4450867052023121,0.08654725627459876
PRO-SER-GLN,1245.009,810.445,1.53,1.37,0.4444444444444445,0.3236994219653179,0.04656947368030265
PRO-SER-SER,1185.568,656.5889999999997,1.8,1.06,0.4264107038976149,0.4797687861271676,0.09815040058641014
PRO-PHE-GLN,1476.639,765.6060000000001,1.92,-0.7999999999999998,0.3182082606166376,0.5491329479768785,0.09595474463113213
PRO-SER-CYS,1193.317,705.334,1.69,0.5800000000000001,0.3984874927283305,0.41618497109826585,0.06902199078832118
GLN-SER-GLN,1281.001,1216.796,1.05,2.0,0.4810936591041303,0.04624277456647402,0.001028767890095372
PRO-CYS-GLN,1274.162,795.2439999999997,1.6,0.89,0.41652123327516,0.3641618497109827,0.0552364855113472
PRO-GLN-GLN,1311.487,949.0360000000001,1.38,1.6800000000000002,0.462478184991274,0.2369942196531792,0.025975670051466167
HIS-SER-GLN,1417.583,892.807,1.58,1.34,0.4426992437463642,0.3526011560693641,0.05503972354506402
PRO-ILE-TYR,1428.629,733.672,1.94,-1.69,0.26643397324025603,0.5606936416184971,0.08376080905534994
PRO-SER-MET,1229.235,702.357,1.75,-0.06999999999999995,0.36067481093659104,0.4508670520231213,0.07331837180454473
VAL-PHE-PHE,1639.481,676.9060000000002,2.42,-3.88,0.13903432228039558,0.8381502890173409,0.09767104233169556
ASP-ARG-PHE,1633.596,882.013,1.85,3.74,0.5823152995927866,0.5086705202312138,0.15067157873789766
PHE-PHE-PRO,1559.246,715.77,2.17,-3.28,0.17393833624200114,0.6936416184971097,0.08368846409451755
MET-TYR-PRO,1423.075,727.64,1.95,-1.2399999999999998,0.2926119837114601,0.5664739884393063,0.09389707279110104
TYR-PHE-PRO,1568.3729999999994,719.3610000000001,2.18,-2.28,0.23211169284467714,0.6994219653179191,0.1135469709959878
TRP-MET-PRO,1475.739,735.6489999999999,2.0,-2.62,0.21233275159976733,0.5953757225433526,0.07526606841932344
CYS-GLN-GLN,1306.487,1103.484,1.18,1.52,0.4531704479348458,0.1213872832369942,0.006677408785434425
LEU-GLN-PHE,1482.7779999999998,793.7510000000003,1.86,-2.19,0.237347294938918,0.5144508670520231,0.06281626259518093
GLU-GLN-GLY,1138.0839999999996,1113.24,1.02,5.5500000000000025,0.6876090750436301,0.028901734104046263,0.0005743668975271738
CYS-VAL-PRO,1173.223,639.939,1.83,-0.34,0.34496800465386857,0.4971098265895954,0.08524786536202385
ARG-GLN-TRP,1682.971,1054.33,1.59,0.4900000000000002,0.3932518906340896,0.35838150289017345,0.050508211687575286
PRO-SER-ILE,1188.192,672.6410000000002,1.76,-0.52,0.3344968004653869,0.4566473988439306,0.06975156308946104
MET-SER-TYR,1426.5410000000006,734.5169999999997,1.94,-0.92,0.3112274578243165,0.5606936416184971,0.0978428664729524
ILE-SER-TYR,1411.294,704.931,2.0,-1.37,0.2850494473531123,0.5953757225433526,0.10104211924785886
CYS-THR-TRP,1449.5729999999999,711.6389999999999,2.03,-1.86,0.2565445026178011,0.6127167630057802,0.0963124070772031
CYS-GLY-GLN,1069.14,782.201,1.36,1.9,0.4752763234438628,0.22543352601156075,0.024153673292061733
LYS-GLY-TRP,1432.69,834.835,1.71,1.86,0.4729493891797557,0.4277456647398844,0.08653382522464304
MET-GLY-TRP,1342.169,700.485,1.91,-1.61,0.2710878417684701,0.5433526011560693,0.08003381903392033
LYS-TYR-TYR,1778.255,872.829,2.03,1.38,0.4450261780104712,0.6127167630057802,0.16707254288902573
ILE-TYR-TYR,1652.629,730.427,2.26,-2.54,0.2169866201279814,0.7456647398843929,0.12064801181294853
GLY-VAL-TYR,1253.609,643.318,1.94,-0.02000000000000001,0.3635834787667249,0.5606936416184971,0.11430241410391635
GLY-TYR-ASN,1288.976,736.334,1.75,1.29,0.4397905759162304,0.4508670520231213,0.08940111142618681
SER-TYR-TYR,1662.5179999999998,689.579,2.41,-0.96,0.3089005235602094,0.8323699421965318,0.21401855245896967
ALA-TYR-TYR,1477.542,727.079,2.03,-0.92,0.3112274578243165,0.6127167630057802,0.11684158228186768
SER-THR-TYR,1413.227,690.345,2.04,0.0,0.3647469458987784,0.6184971098265896,0.13952981334475306
HIS-TYR-TYR,1829.528,870.801,2.1,-1.31,0.2885398487492728,0.6531791907514449,0.12310352262619745
SER-TYR-ILE,1415.0839999999994,702.971,2.01,-1.37,0.2850494473531123,0.6011560693641617,0.1030136263347008
SER-CYS-TYR,1420.547,683.475,2.07,-0.27,0.3490401396160559,0.6358381502890171,0.14111349157520378
SER-PHE-TYR,1647.961,756.637,2.17,-1.96,0.25072716695753344,0.6936416184971097,0.12063454188875272
LYS-THR-TYR,1542.679,868.7410000000001,1.77,2.34,0.5008726003490401,0.4624277456647399,0.1071063063327828
TRP-TYR-TYR,1888.4070000000002,867.613,2.17,-3.51,0.1605584642233857,0.6936416184971097,0.07725088993340082
LYS-TYR-THR,1552.138,856.6560000000003,1.81,2.34,0.5008726003490401,0.4855491329479769,0.11808470273189305
LYS-TYR-ARG,1778.1879999999999,1178.683,1.5,3.9,0.5916230366492148,0.3063583815028901,0.05552705101899976
ARG-TYR-TYR,1809.028,966.244,1.87,0.3900000000000001,0.3874345549738221,0.5202312138728323,0.10485548783079816
GLY-TYR-MET,1306.516,652.395,2.0,-0.2300000000000001,0.3513670738801629,0.5953757225433526,0.12454987760348316
MET-TYR-TYR,1673.439,779.6030000000003,2.14,-2.09,0.2431646305991856,0.6763005780346821,0.11121923980995864
ASN-TYR-TYR,1675.026,816.9860000000001,2.05,-0.57,0.33158813263525305,0.6242774566473986,0.1292273039211998
GLY-PHE-TYR,1483.947,660.97,2.24,-1.27,0.2908667830133799,0.7341040462427746,0.15675065465678126
GLY-TYR-THR,1254.9189999999999,629.419,1.99,0.69,0.4048865619546248,0.5895953757225433,0.1407477627243114
GLY-SER-TYR,1260.845,648.143,1.94,0.8999999999999999,0.4171029668411868,0.5606936416184971,0.1311277294600129
VAL-TYR-TYR,1654.8329999999999,758.315,2.18,-1.88,0.25538103548574753,0.6994219653179191,0.12493012598305422
GLN-TYR-TYR,1687.677,818.181,2.06,-0.6499999999999999,0.32693426410703896,0.630057803468208,0.12978402191372013
GLY-CYS-TYR,1270.116,678.789,1.87,0.4199999999999999,0.3891797556719023,0.5202312138728323,0.105327809848054
GLY-PRO-TYR,1263.2089999999996,634.207,1.99,0.5800000000000001,0.3984874927283305,0.5895953757225433,0.13852330095711682
LEU-TYR-TYR,1643.639,747.329,2.19,-2.67,0.2094240837696335,0.7052023121387282,0.10414875414571904
TYR-TYR-TYR,1774.8770000000006,828.831,2.14,-2.13,0.2408376963350785,0.6763005780346821,0.1101549408644088
GLY-ARG-TYR,1464.8770000000006,887.133,1.65,2.25,0.4956369982547994,0.3930635838150288,0.0765754111373648
GLY-LYS-TYR,1431.947,828.4810000000001,1.72,3.24,0.5532286212914486,0.4335260115606936,0.10397644407646088
